Timestamp,Milliseconds,X,Y,Z
2021-01-20 21:50:15,1,0.17826529,0.5802595,9.782457
2021-01-20 21:50:15,11,0.17826529,0.5802595,9.782457
2021-01-20 21:50:15,21,0.1788635,0.55513483,9.68136
2021-01-20 21:50:15,31,0.1788635,0.55513483,9.68136
2021-01-20 21:50:15,41,0.16869399,0.6089734,9.834501
2021-01-20 21:50:15,51,0.17826529,0.56111693,9.792028
2021-01-20 21:50:15,61,0.1591227,0.5946164,9.801002
2021-01-20 21:50:15,71,0.1591227,0.5706882,9.839885
2021-01-20 21:50:15,81,0.15972091,0.57487565,9.743574
2021-01-20 21:50:16,91,0.16450655,0.58983076,9.767502
2021-01-20 21:50:16,101,0.1692922,0.5844469,9.781859
2021-01-20 21:50:16,112,0.18305093,0.5796613,9.786645
2021-01-20 21:50:16,121,0.18305093,0.56530434,9.777073
2021-01-20 21:50:16,131,0.1788635,0.58923256,9.777073
2021-01-20 21:50:16,142,0.17826529,0.57009,9.796216
2021-01-20 21:50:16,151,0.17826529,0.5605187,9.781859
2021-01-20 21:50:16,161,0.18364914,0.56530434,9.772287
2021-01-20 21:50:16,171,0.1788635,0.5844469,9.781859
2021-01-20 21:50:16,181,0.19262223,0.5605187,9.766904
2021-01-20 21:50:16,191,0.18305093,0.5796613,9.786645
2021-01-20 21:50:16,202,0.1692922,0.57009,9.766904
2021-01-20 21:50:16,211,0.18783657,0.5844469,9.786645
2021-01-20 21:50:16,221,0.17407785,0.5844469,9.777073
2021-01-20 21:50:16,231,0.1692922,0.57009,9.772287
2021-01-20 21:50:16,241,0.18305093,0.5796613,9.786645
2021-01-20 21:50:16,251,0.18364914,0.57487565,9.772287
2021-01-20 21:50:16,262,0.16450655,0.56530434,9.766904
2021-01-20 21:50:16,271,0.1788635,0.57009,9.777073
2021-01-20 21:50:16,282,0.18783657,0.57487565,9.781859
2021-01-20 21:50:16,291,0.1788635,0.57009,9.777073
2021-01-20 21:50:16,301,0.18305093,0.5796613,9.786645
2021-01-20 21:50:16,312,0.17826529,0.57487565,9.772287
2021-01-20 21:50:16,322,0.18783657,0.57009,9.787243
2021-01-20 21:50:16,331,0.18783657,0.57487565,9.786645
2021-01-20 21:50:16,342,0.18305093,0.5796613,9.79143
2021-01-20 21:50:16,352,0.19262223,0.56530434,9.787243
2021-01-20 21:50:16,361,0.1692922,0.57009,9.781859
2021-01-20 21:50:16,372,0.19262223,0.57009,9.781859
2021-01-20 21:50:16,381,0.19740787,0.5796613,9.757333
2021-01-20 21:50:16,392,0.17826529,0.57487565,9.781859
2021-01-20 21:50:16,402,0.1788635,0.5988039,9.777073
2021-01-20 21:50:16,411,0.19262223,0.57009,9.772287
2021-01-20 21:50:16,422,0.15972091,0.56530434,9.766904
2021-01-20 21:50:16,431,0.17407785,0.5796613,9.781859
2021-01-20 21:50:16,441,0.17826529,0.57487565,9.79143
2021-01-20 21:50:16,451,0.17826529,0.57009,9.786645
2021-01-20 21:50:16,461,0.17407785,0.5796613,9.777073
2021-01-20 21:50:16,471,0.18783657,0.57487565,9.777073
2021-01-20 21:50:16,482,0.1692922,0.57487565,9.781859
2021-01-20 21:50:16,491,0.18783657,0.56530434,9.786645
2021-01-20 21:50:16,501,0.16869399,0.57547385,9.777672
2021-01-20 21:50:16,512,0.18305093,0.58504516,9.782457
2021-01-20 21:50:16,521,0.19740787,0.56530434,9.777672
2021-01-20 21:50:16,531,0.18305093,0.58504516,9.787243
2021-01-20 21:50:16,541,0.16869399,0.56590253,9.8015995
2021-01-20 21:50:16,551,0.16390835,0.5706882,9.777672
2021-01-20 21:50:16,562,0.19740787,0.57487565,9.777672
2021-01-20 21:50:16,571,0.18783657,0.5802595,9.782457
2021-01-20 21:50:16,581,0.18305093,0.6041877,9.787243
2021-01-20 21:50:16,592,0.16869399,0.56590253,9.8015995
2021-01-20 21:50:16,601,0.17826529,0.58504516,9.767502
2021-01-20 21:50:16,611,0.19262223,0.5802595,9.777672
2021-01-20 21:50:16,621,0.19262223,0.5706882,9.787243
2021-01-20 21:50:16,632,0.09750752,0.590429,9.844072
2021-01-20 21:50:16,641,0.17347965,0.57487565,9.762716
2021-01-20 21:50:16,651,0.19262223,0.54675996,9.787243
2021-01-20 21:50:16,661,0.18783657,0.5515456,9.782457
2021-01-20 21:50:16,671,0.16869399,0.57547385,9.787243
2021-01-20 21:50:16,682,0.17826529,0.56590253,9.772886
2021-01-20 21:50:16,691,0.16869399,0.58504516,9.777672
2021-01-20 21:50:16,701,0.17347965,0.56111693,9.782457
2021-01-20 21:50:16,712,0.19262223,0.57009,9.782457
2021-01-20 21:50:16,721,0.16390835,0.56590253,9.777672
2021-01-20 21:50:16,731,0.17347965,0.5796613,9.772886
2021-01-20 21:50:16,742,0.18783657,0.5605187,9.787243
2021-01-20 21:50:16,751,0.23988047,0.53659046,9.796814
2021-01-20 21:50:16,761,0.19262223,0.58504516,9.792028
2021-01-20 21:50:16,772,0.18305093,0.5844469,9.777672
2021-01-20 21:50:16,781,0.18783657,0.57009,9.753145
2021-01-20 21:50:16,792,0.20219351,0.5796613,9.767502
2021-01-20 21:50:16,801,0.18305093,0.58504516,9.787243
2021-01-20 21:50:16,811,0.17347965,0.5706882,9.796814
2021-01-20 21:50:16,821,0.19262223,0.5796613,9.782457
2021-01-20 21:50:16,831,0.19740787,0.5802595,9.792028
2021-01-20 21:50:16,842,0.17347965,0.57009,9.777672
2021-01-20 21:50:16,851,0.17826529,0.5796613,9.777672
2021-01-20 21:50:16,861,0.20219351,0.57487565,9.762716
2021-01-20 21:50:16,871,0.17826529,0.5802595,9.792028
2021-01-20 21:50:16,882,0.17347965,0.5802595,9.796814
2021-01-20 21:50:16,891,0.18783657,0.58923256,9.762716
2021-01-20 21:50:16,902,0.19262223,0.59940207,9.762716
2021-01-20 21:50:16,911,0.19262223,0.5844469,9.757931
2021-01-20 21:50:16,922,0.2213361,0.5880362,9.600603
2021-01-20 21:50:16,931,0.14416756,0.5485546,9.993026
2021-01-20 21:50:16,942,0.22612174,0.60777694,9.634102
2021-01-20 21:50:16,951,0.17826529,0.58504516,9.792028
2021-01-20 21:50:16,961,0.17347965,0.57009,9.753743
2021-01-20 21:50:16,972,0.17347965,0.5665008,9.835099
2021-01-20 21:50:16,981,0.18783657,0.56590253,9.783055
2021-01-20 21:50:16,991,0.2015953,0.58504516,9.835099
2021-01-20 21:50:16,1002,0.18305093,0.5706882,9.787243
2021-01-20 21:50:16,1011,0.18305093,0.5706882,9.792028
2021-01-20 21:50:16,1021,0.17826529,0.57547385,9.772886
2021-01-20 21:50:16,1032,0.17826529,0.58983076,9.787243
2021-01-20 21:50:16,1041,0.19262223,0.57547385,9.77827
2021-01-20 21:50:16,1051,0.18305093,0.56590253,9.773484
2021-01-20 21:50:16,1062,0.18783657,0.58504516,9.772886
2021-01-20 21:50:16,1071,0.18305093,0.57547385,9.782457
2021-01-20 21:50:16,1081,0.20219351,0.5802595,9.773484
2021-01-20 21:50:17,1092,0.18783657,0.5802595,9.777672
2021-01-20 21:50:17,1101,0.19740787,0.5844469,9.767502
2021-01-20 21:50:17,1111,0.18305093,0.57487565,9.777672
2021-01-20 21:50:17,1122,0.17347965,0.57547385,9.787243
2021-01-20 21:50:17,1132,0.15493527,0.5802595,9.781859
2021-01-20 21:50:17,1141,0.20219351,0.57487565,9.777672
2021-01-20 21:50:17,1152,0.18783657,0.58923256,9.772886
2021-01-20 21:50:17,1161,0.18783657,0.57009,9.782457
2021-01-20 21:50:17,1171,0.18783657,0.5988039,9.777073
2021-01-20 21:50:17,1182,0.18783657,0.5605187,9.757931
2021-01-20 21:50:17,1191,0.15433706,0.5706882,9.805787
2021-01-20 21:50:17,1201,0.18783657,0.56111693,9.792028
2021-01-20 21:50:17,1212,0.19262223,0.5796613,9.767502
2021-01-20 21:50:17,1221,0.19740787,0.5802595,9.8015995
2021-01-20 21:50:17,1231,0.19740787,0.56530434,9.777672
2021-01-20 21:50:17,1242,0.19262223,0.5802595,9.8015995
2021-01-20 21:50:17,1251,0.19262223,0.5796613,9.782457
2021-01-20 21:50:17,1261,0.18305093,0.58983076,9.782457
2021-01-20 21:50:17,1272,0.18305093,0.5706882,9.792028
2021-01-20 21:50:17,1282,0.17347965,0.5796613,9.767502
2021-01-20 21:50:17,1291,0.17347965,0.5706882,9.806385
2021-01-20 21:50:17,1302,0.18305093,0.56590253,9.8015995
2021-01-20 21:50:17,1311,0.18305093,0.5796613,9.762716
2021-01-20 21:50:17,1321,0.19262223,0.57009,9.782457
2021-01-20 21:50:17,1331,0.20219351,0.57487565,9.772886
2021-01-20 21:50:17,1341,0.19262223,0.5605187,9.777672
2021-01-20 21:50:17,1352,0.17826529,0.5796613,9.782457
2021-01-20 21:50:17,1361,0.19262223,0.57009,9.74836
2021-01-20 21:50:17,1372,0.18305093,0.57547385,9.796814
2021-01-20 21:50:17,1382,0.20219351,0.56530434,9.792028
2021-01-20 21:50:17,1391,0.19740787,0.57009,9.762716
2021-01-20 21:50:17,1401,0.18305093,0.5706882,9.796814
2021-01-20 21:50:17,1412,0.2117648,0.56530434,9.796814
2021-01-20 21:50:17,1421,0.19740787,0.56530434,9.772886
2021-01-20 21:50:17,1431,0.19740787,0.57487565,9.757931
2021-01-20 21:50:17,1442,0.20219351,0.5844469,9.753145
2021-01-20 21:50:17,1451,0.19740787,0.56530434,9.792028
2021-01-20 21:50:17,1461,0.19740787,0.57009,9.792028
2021-01-20 21:50:17,1472,0.17826529,0.59940207,9.786645
2021-01-20 21:50:17,1481,0.19740787,0.58923256,9.777672
2021-01-20 21:50:17,1492,0.18305093,0.5802595,9.787243
2021-01-20 21:50:17,1501,0.18783657,0.57547385,9.782457
2021-01-20 21:50:17,1511,0.20219351,0.5605187,9.758529
2021-01-20 21:50:17,1521,0.2111666,0.56590253,9.792028
2021-01-20 21:50:17,1532,0.22552353,0.53659046,9.758529
2021-01-20 21:50:17,1542,0.20638095,0.56590253,9.787243
2021-01-20 21:50:17,1551,0.20697916,0.5605187,9.782457
2021-01-20 21:50:17,1562,0.19740787,0.57009,9.762716
2021-01-20 21:50:17,1571,0.20219351,0.613759,9.772886
2021-01-20 21:50:17,1582,0.17347965,0.6089734,9.757931
2021-01-20 21:50:17,1592,0.19262223,0.5946164,9.792028
2021-01-20 21:50:17,1601,0.20697916,0.58923256,9.762716
2021-01-20 21:50:17,1612,0.20697916,0.5706882,9.787243
2021-01-20 21:50:17,1621,0.24945176,0.5413761,9.763314
2021-01-20 21:50:17,1631,0.24945176,0.49830532,9.787841
2021-01-20 21:50:17,1642,0.20697916,0.5413761,9.753743
2021-01-20 21:50:17,1651,0.13579269,0.62811595,9.796216
2021-01-20 21:50:17,1662,0.14536397,0.62811595,9.786645
2021-01-20 21:50:17,1671,0.16869399,0.6089734,9.782457
2021-01-20 21:50:17,1681,0.16869399,0.58983076,9.777672
2021-01-20 21:50:17,1692,0.18305093,0.59940207,9.777672
2021-01-20 21:50:17,1701,0.18783657,0.6041877,9.806385
2021-01-20 21:50:17,1711,0.17826529,0.57547385,9.782457
2021-01-20 21:50:17,1721,0.19740787,0.5802595,9.782457
2021-01-20 21:50:17,1732,0.18783657,0.57009,9.772886
2021-01-20 21:50:17,1741,0.20219351,0.5706882,9.792028
2021-01-20 21:50:17,1751,0.20697916,0.56590253,9.796814
2021-01-20 21:50:17,1762,0.19740787,0.56530434,9.767502
2021-01-20 21:50:17,1771,0.20219351,0.5706882,9.792028
2021-01-20 21:50:17,1782,0.2117648,0.57009,9.777672
2021-01-20 21:50:17,1791,0.2117648,0.56530434,9.777672
2021-01-20 21:50:17,1801,0.19262223,0.5563313,9.8015995
2021-01-20 21:50:17,1812,0.19262223,0.56111693,9.787243
2021-01-20 21:50:17,1821,0.20697916,0.57487565,9.777672
2021-01-20 21:50:17,1831,0.21655045,0.5796613,9.767502
2021-01-20 21:50:17,1841,0.20697916,0.57487565,9.757931
2021-01-20 21:50:17,1851,0.19740787,0.5605187,9.757931
2021-01-20 21:50:17,1862,0.2117648,0.56530434,9.762716
2021-01-20 21:50:17,1871,0.20219351,0.56530434,9.782457
2021-01-20 21:50:17,1881,0.18783657,0.56530434,9.762716
2021-01-20 21:50:17,1892,0.20697916,0.56590253,9.792028
2021-01-20 21:50:17,1901,0.18305093,0.56590253,9.806385
2021-01-20 21:50:17,1912,0.18783657,0.56530434,9.782457
2021-01-20 21:50:17,1921,0.19740787,0.57487565,9.782457
2021-01-20 21:50:17,1931,0.19740787,0.5557331,9.792028
2021-01-20 21:50:17,1941,0.20697916,0.56530434,9.772886
2021-01-20 21:50:17,1952,0.19740787,0.5557331,9.787243
2021-01-20 21:50:17,1961,0.19262223,0.56530434,9.772886
2021-01-20 21:50:17,1972,0.21655045,0.58923256,9.792028
2021-01-20 21:50:17,1981,0.19262223,0.5605187,9.777672
2021-01-20 21:50:17,1992,0.18783657,0.57009,9.767502
2021-01-20 21:50:17,2002,0.17826529,0.5509474,9.782457
2021-01-20 21:50:17,2011,0.18305093,0.57009,9.777672
2021-01-20 21:50:17,2022,0.17826529,0.57009,9.757931
2021-01-20 21:50:17,2031,0.21655045,0.5557331,9.738789
2021-01-20 21:50:17,2041,0.18305093,0.5605187,9.777672
2021-01-20 21:50:17,2051,0.19740787,0.53180486,9.767502
2021-01-20 21:50:17,2062,0.18783657,0.54675996,9.825528
2021-01-20 21:50:17,2071,0.18305093,0.5605187,9.777672
2021-01-20 21:50:17,2081,0.17347965,0.5419743,9.792028
2021-01-20 21:50:18,2091,0.18305093,0.5461618,9.782457
2021-01-20 21:50:18,2101,0.17347965,0.5557331,9.777672
2021-01-20 21:50:18,2112,0.18305093,0.53659046,9.74836
2021-01-20 21:50:18,2121,0.18305093,0.5455636,9.71486
2021-01-20 21:50:18,2132,0.15972091,0.5509474,9.710074
2021-01-20 21:50:18,2141,0.16869399,0.5413761,9.767502
2021-01-20 21:50:18,2151,0.17347965,0.5461618,9.782457
2021-01-20 21:50:18,2162,0.1591227,0.53240305,9.839885
2021-01-20 21:50:18,2171,0.1591227,0.53240305,9.830314
2021-01-20 21:50:18,2182,0.13100705,0.53240305,9.8015995
2021-01-20 21:50:18,2191,0.13100705,0.53240305,9.782457
2021-01-20 21:50:18,2202,0.13579269,0.53180486,9.762716
2021-01-20 21:50:18,2211,0.15433706,0.53659046,9.777672
2021-01-20 21:50:18,2222,0.12622139,0.5276174,9.796814
2021-01-20 21:50:18,2231,0.12622139,0.5180461,9.815957
2021-01-20 21:50:18,2241,0.10707881,0.51864433,9.849456
2021-01-20 21:50:18,2252,0.12143575,0.50368917,9.811171
2021-01-20 21:50:18,2261,0.13998012,0.50368917,9.792028
2021-01-20 21:50:18,2272,0.10707881,0.5132605,9.811171
2021-01-20 21:50:18,2281,0.13100705,0.5180461,9.782457
2021-01-20 21:50:18,2291,0.12622139,0.53240305,9.777672
2021-01-20 21:50:18,2301,0.13579269,0.5132605,9.777672
2021-01-20 21:50:18,2311,0.14476576,0.5180461,9.796814
2021-01-20 21:50:18,2322,0.12143575,0.52283174,9.787243
2021-01-20 21:50:18,2331,0.09272188,0.5084748,9.782457
2021-01-20 21:50:18,2342,0.12143575,0.5276174,9.792028
2021-01-20 21:50:18,2351,0.12143575,0.5084748,9.777672
2021-01-20 21:50:18,2361,0.12143575,0.5276174,9.782457
2021-01-20 21:50:18,2371,0.13100705,0.49351966,9.767502
2021-01-20 21:50:18,2381,0.13100705,0.5180461,9.806385
2021-01-20 21:50:18,2391,0.13100705,0.52283174,9.782457
2021-01-20 21:50:18,2401,0.14476576,0.5084748,9.777672
2021-01-20 21:50:18,2411,0.12143575,0.5132605,9.792028
2021-01-20 21:50:18,2422,0.13100705,0.5180461,9.787243
2021-01-20 21:50:18,2431,0.12622139,0.5180461,9.8015995
2021-01-20 21:50:18,2441,0.12622139,0.5084748,9.782457
2021-01-20 21:50:18,2452,0.13100705,0.5180461,9.772886
2021-01-20 21:50:18,2461,0.12622139,0.50787663,9.762716
2021-01-20 21:50:18,2472,0.12143575,0.503091,9.757931
2021-01-20 21:50:18,2481,0.13579269,0.5084748,9.787243
2021-01-20 21:50:18,2491,0.13100705,0.5132605,9.767502
2021-01-20 21:50:18,2502,0.12622139,0.4989035,9.787243
2021-01-20 21:50:18,2511,0.13100705,0.5132605,9.782457
2021-01-20 21:50:18,2521,0.12622139,0.48873404,9.772886
2021-01-20 21:50:18,2531,0.13100705,0.50368917,9.777672
2021-01-20 21:50:18,2541,0.14536397,0.5174479,9.767502
2021-01-20 21:50:18,2551,0.12143575,0.5180461,9.767502
2021-01-20 21:50:18,2561,0.111864455,0.4941179,9.8015995
2021-01-20 21:50:18,2572,0.116650105,0.4989035,9.796814
2021-01-20 21:50:18,2581,0.116650105,0.48873404,9.772886
2021-01-20 21:50:18,2591,0.12622139,0.49351966,9.743574
2021-01-20 21:50:18,2602,0.13100705,0.50787663,9.74836
2021-01-20 21:50:18,2611,0.116650105,0.48873404,9.743574
2021-01-20 21:50:18,2621,0.09272188,0.48873404,9.757931
2021-01-20 21:50:18,2631,0.0741775,0.47916272,9.74836
2021-01-20 21:50:18,2642,0.111864455,0.47018966,9.787243
2021-01-20 21:50:18,2651,0.116650105,0.47018966,9.811171
2021-01-20 21:50:18,2661,0.12143575,0.48933223,9.792028
2021-01-20 21:50:18,2672,0.116650105,0.4749753,9.777672
2021-01-20 21:50:18,2681,0.09750752,0.465404,9.796814
2021-01-20 21:50:18,2691,0.083748795,0.4408776,9.734002
2021-01-20 21:50:18,2702,0.068793654,0.43669012,9.758529
2021-01-20 21:50:18,2711,0.08793623,0.42652065,9.725029
2021-01-20 21:50:18,2722,0.09750752,0.4408776,9.748958
2021-01-20 21:50:18,2731,0.111864455,0.41694933,9.734601
2021-01-20 21:50:18,2741,0.106480606,0.4319045,9.797412
2021-01-20 21:50:18,2751,0.064008005,0.39900318,9.859626
2021-01-20 21:50:18,2761,0.05922236,0.36550367,9.85484
2021-01-20 21:50:18,2771,0.068793654,0.3505485,9.817153
2021-01-20 21:50:18,2781,0.068793654,0.31226337,9.793225
2021-01-20 21:50:18,2792,0.08315059,0.3164508,9.768699
2021-01-20 21:50:18,2801,0.05922236,0.31226337,9.778868
2021-01-20 21:50:18,2811,0.04007978,0.29790643,9.778868
2021-01-20 21:50:18,2821,0.035294134,0.31226337,9.768699
2021-01-20 21:50:18,2831,0.04965107,0.33140594,9.763913
2021-01-20 21:50:18,2842,0.04965107,0.2883351,9.778868
2021-01-20 21:50:18,2851,0.030508488,0.19621146,9.779466
2021-01-20 21:50:18,2861,0.016151553,0.17766708,9.80818
2021-01-20 21:50:18,2872,-0.012562319,0.13938192,9.827323
2021-01-20 21:50:18,2881,0.0065802624,0.14895321,9.803394
2021-01-20 21:50:18,2891,-0.0077766734,0.18245272,9.80818
2021-01-20 21:50:18,2901,-0.02213361,0.18305093,9.855438
2021-01-20 21:50:18,2912,-0.036490545,0.14955142,9.856036
2021-01-20 21:50:18,2921,-0.0317049,0.03888337,9.866206
2021-01-20 21:50:18,2931,-0.013160525,-0.01375873,9.866206
2021-01-20 21:50:18,2941,-0.022731815,-0.028115666,9.8524475
2021-01-20 21:50:18,2952,-0.032303106,-0.047258247,9.866804
2021-01-20 21:50:18,2961,-0.04127619,-0.0526421,9.809377
2021-01-20 21:50:18,2971,-0.02213361,-0.08673982,9.742377
2021-01-20 21:50:18,2982,-0.012562319,-0.17347965,9.680762
2021-01-20 21:50:18,2991,-0.0035892338,-0.19740787,9.73819
2021-01-20 21:50:18,3001,-0.01794617,-0.2015953,9.766904
2021-01-20 21:50:18,3012,-0.046660043,-0.2536392,9.810573
2021-01-20 21:50:18,3021,-0.06580263,-0.29671,9.810573
2021-01-20 21:50:18,3031,-0.07058827,-0.3062813,9.815358
2021-01-20 21:50:18,3042,-0.07537391,-0.36909288,9.811171
2021-01-20 21:50:18,3051,-0.11784652,-0.421735,9.811171
2021-01-20 21:50:18,3061,-0.13220344,-0.42592242,9.830314
2021-01-20 21:50:18,3072,-0.11365908,-0.44506502,9.849456
2021-01-20 21:50:18,3081,-0.11844472,-0.48873404,9.821341
2021-01-20 21:50:19,3091,-0.08015956,-0.4941179,9.720842
2021-01-20 21:50:19,3101,-0.1274178,-0.52283174,9.725628
2021-01-20 21:50:19,3111,-0.12263216,-0.5563313,9.720842
2021-01-20 21:50:19,3122,-0.17048861,-0.58923256,9.763913
2021-01-20 21:50:19,3131,-0.1896312,-0.6227321,9.807582
2021-01-20 21:50:19,3142,-0.1471586,-0.6753742,9.822537
2021-01-20 21:50:19,3151,-0.19501504,-0.6843473,9.856036
2021-01-20 21:50:19,3161,-0.17108682,-0.6801598,9.827323
2021-01-20 21:50:19,3172,-0.14237295,-0.7046863,9.7501545
2021-01-20 21:50:19,3181,-0.15194423,-0.7429714,9.736395
2021-01-20 21:50:19,3191,-0.18484555,-0.7573284,9.745967
2021-01-20 21:50:19,3201,-0.21834506,-0.8243274,9.722038
2021-01-20 21:50:19,3212,-0.23748764,-0.9595219,9.723235
2021-01-20 21:50:19,3221,-0.2428715,-0.96789676,9.823733
2021-01-20 21:50:19,3232,-0.24765715,-0.9726824,9.881161
2021-01-20 21:50:19,3241,-0.23808585,-0.99720883,9.824331
2021-01-20 21:50:19,3251,-0.21894327,-1.0169497,9.751948
2021-01-20 21:50:19,3261,-0.23808585,-1.1222339,9.714262
2021-01-20 21:50:19,3272,-0.26679972,-1.2035898,9.753145
2021-01-20 21:50:19,3281,-0.24765715,-1.2951152,9.686745
2021-01-20 21:50:19,3291,-0.2434697,-1.2951152,9.753743
2021-01-20 21:50:19,3302,-0.22432712,-1.3334004,9.71127
2021-01-20 21:50:19,3311,-0.23389842,-1.4297116,9.6783695
2021-01-20 21:50:19,3321,-0.2434697,-1.4919249,9.687941
2021-01-20 21:50:19,3332,-0.29072794,-1.5780666,9.659825
2021-01-20 21:50:19,3341,-0.32482567,-1.625923,9.688539
2021-01-20 21:50:19,3351,-0.32063824,-1.6833507,9.70828
2021-01-20 21:50:19,3361,-0.28175488,-1.750948,9.65145
2021-01-20 21:50:19,3372,-0.30149564,-1.7748762,9.65145
2021-01-20 21:50:19,3381,-0.31106696,-1.8418752,9.671191
2021-01-20 21:50:19,3391,-0.31046873,-1.9202402,9.499506
2021-01-20 21:50:19,3401,-0.38285163,-1.9944177,9.752547
2021-01-20 21:50:19,3412,-0.22013968,-2.0697916,9.48156
2021-01-20 21:50:19,3421,-0.30209386,-2.1308086,9.649057
2021-01-20 21:50:19,3431,-0.37387854,-2.2259233,9.696914
2021-01-20 21:50:19,3441,-0.23389842,-2.2636101,9.2488575
2021-01-20 21:50:19,3452,-0.36909288,-2.4089742,9.58804
2021-01-20 21:50:19,3461,-0.31166515,-2.501098,9.469596
2021-01-20 21:50:19,3471,-0.34516466,-2.5202405,9.493524
2021-01-20 21:50:19,3481,-0.4121637,-2.605784,9.550952
2021-01-20 21:50:19,3492,-0.34456646,-2.608775,9.19801
2021-01-20 21:50:19,3501,-0.43609193,-2.7439694,9.600004
2021-01-20 21:50:19,3512,-0.3822534,-2.7290142,9.112467
2021-01-20 21:50:19,3521,-0.46959144,-2.8989046,9.461819
2021-01-20 21:50:19,3531,-0.38823548,-3.0209386,9.190832
2021-01-20 21:50:19,3541,-0.39661035,-2.8731818,9.0849495
2021-01-20 21:50:19,3552,-0.42711884,-2.9413772,9.529416
2021-01-20 21:50:19,3561,-0.38823548,-2.9772696,9.276375
2021-01-20 21:50:19,3571,-0.4019942,-2.7906294,9.199206
2021-01-20 21:50:19,3581,-0.45044887,-3.057429,9.448658
2021-01-20 21:50:19,3592,-0.42652065,-3.2033913,9.254242
2021-01-20 21:50:19,3601,-0.38763726,-3.0801609,9.033504
2021-01-20 21:50:19,3611,-0.44147578,-3.2841492,9.335598
2021-01-20 21:50:19,3621,-0.4546363,-3.295515,9.101699
2021-01-20 21:50:19,3632,-0.4354937,-3.1950164,9.067601
2021-01-20 21:50:19,3641,-0.503091,-3.2787652,9.392427
2021-01-20 21:50:19,3652,-0.47916272,-3.313461,9.268599
2021-01-20 21:50:19,3661,-0.38883367,-3.3667014,9.260223
2021-01-20 21:50:19,3671,-0.43669012,-3.5102708,9.260822
2021-01-20 21:50:19,3682,-0.33140594,-3.4313076,9.002397
2021-01-20 21:50:19,3691,-0.4319045,-3.6550367,9.137591
2021-01-20 21:50:19,3701,-0.44027936,-3.5270207,8.955139
2021-01-20 21:50:19,3712,-0.5174479,-3.6257246,9.165109
2021-01-20 21:50:19,3721,-0.4456632,-3.7034912,9.05145
2021-01-20 21:50:19,3732,-0.37447673,-3.6903307,9.004191
2021-01-20 21:50:19,3742,-0.5312066,-3.8380876,8.961121
2021-01-20 21:50:19,3751,-0.4121637,-3.7674992,8.927621
2021-01-20 21:50:19,3762,-0.5461618,-3.8805602,9.071191
2021-01-20 21:50:19,3771,-0.503091,-3.9678981,8.986245
2021-01-20 21:50:19,3781,-0.5802595,-4.046861,9.229715
2021-01-20 21:50:19,3791,-0.4319045,-4.0648074,8.853444
2021-01-20 21:50:19,3802,-0.57009,-4.106084,9.049057
2021-01-20 21:50:19,3811,-0.5198407,-3.9816568,8.426325
2021-01-20 21:50:19,3821,-0.39900318,-4.2574296,8.849854
2021-01-20 21:50:19,3832,-0.37806597,-4.1982074,8.438289
2021-01-20 21:50:19,3841,-0.46061835,-4.4255257,8.826525
2021-01-20 21:50:19,3852,-0.3080759,-4.418347,8.597412
2021-01-20 21:50:19,3861,-0.45164528,-4.5649076,8.799007
2021-01-20 21:50:19,3871,-0.33200413,-4.5003014,8.52144
2021-01-20 21:50:19,3882,-0.43728834,-4.666602,8.670393
2021-01-20 21:50:19,3891,-0.36011982,-4.5003014,8.507083
2021-01-20 21:50:19,3902,-0.52223355,-4.7629137,8.598608
2021-01-20 21:50:19,3911,-0.59760743,-4.633701,8.526225
2021-01-20 21:50:19,3921,-0.6975078,-4.753342,8.468798
2021-01-20 21:50:19,3932,-0.53180486,-4.825725,8.55135
2021-01-20 21:50:19,3941,-0.40857446,-4.801797,8.580064
2021-01-20 21:50:19,3951,-0.49950173,-4.9980083,8.614759
2021-01-20 21:50:19,3962,-0.5407779,-4.7934217,8.383852
2021-01-20 21:50:19,3971,-0.698106,-4.9310093,8.469994
2021-01-20 21:50:19,3981,-0.53659046,-4.9992046,8.432905
2021-01-20 21:50:19,3991,-0.6723832,-4.848457,7.9968133
2021-01-20 21:50:19,4002,-0.6418747,-5.015356,8.710473
2021-01-20 21:50:19,4011,-0.56470615,-5.0859447,8.323434
2021-01-20 21:50:19,4021,-0.4127619,-5.0099726,8.342576
2021-01-20 21:50:19,4032,-0.5377869,-5.194818,8.577671
2021-01-20 21:50:19,4042,-0.59282184,-5.1068816,8.132606
2021-01-20 21:50:19,4051,-0.6125626,-5.2492547,8.319844
2021-01-20 21:50:19,4061,-0.50368917,-5.263612,8.338987
2021-01-20 21:50:19,4071,-0.51206404,-5.111667,8.175676
2021-01-20 21:50:19,4082,-0.58564335,-5.400601,8.583653
2021-01-20 21:50:20,4091,-0.5694918,-5.4963136,8.1015
2021-01-20 21:50:20,4101,-0.5617151,-5.512465,8.422137
2021-01-20 21:50:20,4112,-0.56410795,-5.3718867,7.9722867
2021-01-20 21:50:20,4121,-0.5844469,-5.624928,8.150552
2021-01-20 21:50:20,4131,-0.45583272,-5.651847,7.8927255
2021-01-20 21:50:20,4141,-0.3074777,-5.4903316,7.7347994
2021-01-20 21:50:20,4152,-0.4229314,-5.5591254,8.09791
2021-01-20 21:50:20,4161,-0.4546363,-5.5423756,7.7826557
2021-01-20 21:50:20,4171,-0.3702893,-5.5740805,8.031509
2021-01-20 21:50:20,4182,-0.2757728,-5.809175,8.100303
2021-01-20 21:50:20,4191,-0.4331009,-5.8277197,8.080562
2021-01-20 21:50:20,4201,-0.5395815,-5.7403817,7.539784
2021-01-20 21:50:20,4212,-0.46241298,-5.89771,8.295917
2021-01-20 21:50:20,4221,-0.43669012,-5.723632,7.9363947
2021-01-20 21:50:20,4231,-0.50189453,-5.6153564,7.591828
2021-01-20 21:50:20,4241,-0.4660022,-5.857032,8.032705
2021-01-20 21:50:20,4252,-0.4941179,-6.0215383,7.7850485
2021-01-20 21:50:20,4261,-0.53180486,-5.8677993,7.836494
2021-01-20 21:50:20,4272,-0.53180486,-5.892326,7.774879
2021-01-20 21:50:20,4281,-0.5736792,-5.8061843,7.716853
2021-01-20 21:50:20,4292,-0.68494546,-6.0568323,8.090732
2021-01-20 21:50:20,4301,-0.5413761,-6.055636,7.7276206
2021-01-20 21:50:20,4311,-0.4881358,-5.8749776,7.5499535
2021-01-20 21:50:20,4322,-0.5210371,-5.7020965,7.596614
2021-01-20 21:50:20,4331,-0.60358953,-6.087939,7.87119
2021-01-20 21:50:20,4341,-0.5413761,-6.055636,7.7180495
2021-01-20 21:50:20,4352,-0.5024927,-5.979664,7.6606216
2021-01-20 21:50:20,4361,-0.46959144,-6.0897336,7.6660056
2021-01-20 21:50:20,4372,-0.45044887,-6.061618,7.6516485
2021-01-20 21:50:20,4381,-0.48394838,-6.061618,7.6277204
2021-01-20 21:50:20,4391,-0.5844469,-6.2512493,7.8436728
2021-01-20 21:50:20,4402,-0.52223355,-6.209973,7.63789
2021-01-20 21:50:20,4411,-0.47856453,-6.009574,7.507481
2021-01-20 21:50:20,4422,-0.46959144,-6.1244297,7.537391
2021-01-20 21:50:20,4431,-0.4743771,-6.181857,7.571489
2021-01-20 21:50:20,4441,-0.4743771,-6.2057858,7.5906315
2021-01-20 21:50:20,4452,-0.45104706,-6.229714,7.576275
2021-01-20 21:50:20,4461,-0.38524446,-6.320641,7.6678
2021-01-20 21:50:20,4471,-0.4408776,-6.2883377,7.4901333
2021-01-20 21:50:20,4481,-0.39361933,-6.2691956,7.4853473
2021-01-20 21:50:20,4491,-0.31345975,-6.2787666,7.539186
2021-01-20 21:50:20,4502,-0.30388847,-6.2841506,7.48116
2021-01-20 21:50:20,4511,-0.3367898,-6.2697935,7.4620175
2021-01-20 21:50:20,4522,-0.4546363,-6.169295,7.3459654
2021-01-20 21:50:20,4531,-0.50368917,-6.4594245,7.6396847
2021-01-20 21:50:20,4541,-0.4031906,-6.3607206,7.442875
2021-01-20 21:50:20,4551,-0.40259242,-6.265606,7.3567333
2021-01-20 21:50:20,4561,-0.38883367,-6.3367925,7.4237323
2021-01-20 21:50:20,4572,-0.4031906,-6.384649,7.4291162
2021-01-20 21:50:20,4581,-0.38883367,-6.389435,7.4195447
2021-01-20 21:50:20,4591,-0.3367898,-6.37089,7.376474
2021-01-20 21:50:20,4602,-0.37447673,-6.3948183,7.414759
2021-01-20 21:50:20,4611,-0.40797627,-6.4085774,7.4195447
2021-01-20 21:50:20,4621,-0.3792624,-6.3948183,7.3956165
2021-01-20 21:50:20,4632,-0.39361933,-6.3367925,7.3950186
2021-01-20 21:50:20,4641,-0.38883367,-6.2937217,7.385447
2021-01-20 21:50:20,4651,-0.4223332,-6.384649,7.4386873
2021-01-20 21:50:20,4661,-0.4127619,-6.346364,7.4141607
2021-01-20 21:50:20,4671,-0.39840496,-6.341578,7.4380894
2021-01-20 21:50:20,4681,-0.42711884,-6.346364,7.4333034
2021-01-20 21:50:20,4691,-0.40797627,-6.355935,7.457232
2021-01-20 21:50:20,4702,-0.40797627,-6.3367925,7.4189467
2021-01-20 21:50:20,4711,-0.4127619,-6.3218374,7.509874
2021-01-20 21:50:20,4721,-0.3894319,-6.2979093,7.5296144
2021-01-20 21:50:20,4731,-0.37986058,-6.2398834,7.548159
2021-01-20 21:50:20,4741,-0.37986058,-6.2398834,7.5625157
2021-01-20 21:50:20,4751,-0.38464624,-6.2494545,7.5433736
2021-01-20 21:50:20,4761,-0.39361933,-6.2255263,7.5236325
2021-01-20 21:50:20,4772,-0.3696911,-6.163313,7.5230346
2021-01-20 21:50:20,4781,-0.34576288,-6.081957,7.533204
2021-01-20 21:50:20,4792,-0.3696911,-6.0717874,7.5613194
2021-01-20 21:50:20,4801,-0.3792624,-6.0484576,7.512865
2021-01-20 21:50:20,4812,-0.4223332,-6.02752,7.6755767
2021-01-20 21:50:20,4821,-0.40378883,-6.0370917,7.7090764
2021-01-20 21:50:20,4831,-0.4229314,-6.041279,7.7760754
2021-01-20 21:50:20,4842,-0.4325027,-6.0598235,7.8335032
2021-01-20 21:50:20,4851,-0.40438703,-6.0119667,7.8903327
2021-01-20 21:50:20,4861,-0.40378883,-5.9210396,7.87119
2021-01-20 21:50:20,4871,-0.39421752,-5.853442,7.8753777
2021-01-20 21:50:20,4882,-0.360718,-5.738587,7.8891363
2021-01-20 21:50:20,4891,-0.36550367,-5.651847,7.9076805
2021-01-20 21:50:20,4901,-0.360718,-5.642874,7.893324
2021-01-20 21:50:20,4912,-0.37986058,-5.690132,7.94118
2021-01-20 21:50:20,4921,-0.40857446,-5.6703916,8.012366
2021-01-20 21:50:20,4932,-0.3894319,-5.675177,8.04108
2021-01-20 21:50:20,4941,-0.36131623,-5.6793647,8.075178
2021-01-20 21:50:20,4951,-0.37567315,-5.59741,8.117053
2021-01-20 21:50:20,4962,-0.35653058,-5.4777694,8.106883
2021-01-20 21:50:20,4971,-0.31345975,-5.42094,8.063812
2021-01-20 21:50:20,4981,-0.32303107,-5.3186464,8.1637125
2021-01-20 21:50:20,4992,-0.29910284,-5.285147,8.149356
2021-01-20 21:50:20,5001,-0.3182454,-5.2701917,8.210971
2021-01-20 21:50:20,5012,-0.34217364,-5.250451,8.286943
2021-01-20 21:50:20,5021,-0.3469593,-5.2743793,8.282756
2021-01-20 21:50:20,5031,-0.33738798,-5.21755,8.248658
2021-01-20 21:50:20,5041,-0.33738798,-5.1260242,8.295917
2021-01-20 21:50:20,5052,-0.37567315,-5.1200423,8.382058
2021-01-20 21:50:20,5061,-0.36610186,-5.072186,8.367103
2021-01-20 21:50:20,5071,-0.3272185,-4.991428,8.309675
2021-01-20 21:50:20,5082,-0.34157544,-4.9381876,8.376076
2021-01-20 21:50:21,5091,-0.35653058,-4.7772703,8.671589
2021-01-20 21:50:21,5101,-0.33320054,-4.825725,8.590832
2021-01-20 21:50:21,5112,-0.3379862,-4.9172506,8.600403
2021-01-20 21:50:21,5121,-0.33738798,-4.8939204,8.505288
2021-01-20 21:50:21,5131,-0.293719,-4.7694936,8.495118
2021-01-20 21:50:21,5141,-0.26979074,-4.6115675,8.474779
2021-01-20 21:50:21,5152,-0.22731815,-4.582854,8.4604225
2021-01-20 21:50:21,5161,-0.24646074,-4.470391,8.699107
2021-01-20 21:50:21,5171,-0.22253251,-4.4189453,8.56451
2021-01-20 21:50:21,5181,-0.2416751,-4.3932223,8.741579
2021-01-20 21:50:21,5192,-0.23688944,-4.345366,8.751151
2021-01-20 21:50:21,5201,-0.27038896,-4.253242,8.812167
2021-01-20 21:50:21,5211,-0.29910284,-4.113262,8.901898
2021-01-20 21:50:21,5222,-0.26141587,-4.0594234,9.016754
2021-01-20 21:50:21,5231,-0.26979074,-3.9888353,8.863015
2021-01-20 21:50:21,5241,-0.30867413,-3.9349968,8.967701
2021-01-20 21:50:21,5252,-0.23688944,-3.8057845,8.986245
2021-01-20 21:50:21,5261,-0.19800608,-3.6478581,8.937791
2021-01-20 21:50:21,5271,-0.2219343,-3.5569308,8.956335
2021-01-20 21:50:21,5282,-0.23688944,-3.4827533,9.170493
2021-01-20 21:50:21,5291,-0.28414768,-3.1884363,9.373882
2021-01-20 21:50:21,5302,-0.36430725,-3.2961133,9.096913
2021-01-20 21:50:21,5312,-0.18484555,-3.251846,9.345767
2021-01-20 21:50:21,5321,-0.20757736,-3.0311081,9.268001
2021-01-20 21:50:21,5331,-0.20817557,-3.083152,9.358928
2021-01-20 21:50:21,5341,-0.25543383,-2.900101,9.415159
2021-01-20 21:50:21,5352,-0.25902304,-2.9593234,9.18126
2021-01-20 21:50:21,5361,-0.2835495,-2.71705,9.5048895
2021-01-20 21:50:21,5371,-0.36430725,-2.8283165,9.342776
2021-01-20 21:50:21,5381,-0.32662028,-2.5441687,9.512667
2021-01-20 21:50:21,5392,-0.32183465,-2.5489542,9.470194
2021-01-20 21:50:21,5401,-0.35533416,-2.5142584,9.622736
2021-01-20 21:50:21,5411,-0.30209386,-2.4879375,9.359526
2021-01-20 21:50:21,5421,-0.32662028,-2.32702,9.631111
2021-01-20 21:50:21,5431,-0.28175488,-2.3832514,9.263813
2021-01-20 21:50:21,5442,-0.28295127,-2.1738794,9.677772
2021-01-20 21:50:21,5452,-0.33080772,-2.024328,9.6580305
2021-01-20 21:50:21,5461,-0.27218357,-2.1038892,9.41456
2021-01-20 21:50:21,5471,-0.3068795,-1.8658035,9.709476
2021-01-20 21:50:21,5481,-0.30089745,-1.9304097,9.380463
2021-01-20 21:50:21,5492,-0.33499518,-1.7545372,9.785448
2021-01-20 21:50:21,5501,-0.19680966,-1.9100707,9.595817
2021-01-20 21:50:21,5511,-0.41575295,-1.6677973,9.78485
2021-01-20 21:50:21,5522,-0.37627137,-1.6707884,9.425926
2021-01-20 21:50:21,5531,-0.13040884,-1.6061822,9.8428755
2021-01-20 21:50:21,5541,-0.37208393,-1.3375878,9.739387
2021-01-20 21:50:21,5552,-0.15254244,-1.3878372,9.521041
2021-01-20 21:50:21,5561,-0.17766708,-1.1449656,9.959526
2021-01-20 21:50:21,5571,-0.30927232,-1.1084751,9.613763
2021-01-20 21:50:21,5581,-0.14297116,-1.0648061,9.74836
2021-01-20 21:50:21,5592,-0.26141587,-0.8572287,9.827921
2021-01-20 21:50:21,5601,-0.15672988,-0.72323066,9.827921
2021-01-20 21:50:21,5611,-0.2955136,-0.7746763,9.927821
2021-01-20 21:50:21,5621,-0.15672988,-0.6759724,9.75494
2021-01-20 21:50:21,5632,-0.22313072,-0.7040881,9.793823
2021-01-20 21:50:21,5641,-0.15672988,-0.5688936,9.912866
2021-01-20 21:50:21,5651,-0.20877378,-0.62751776,9.745368
2021-01-20 21:50:21,5662,-0.27098715,-0.29790643,10.14497
2021-01-20 21:50:21,5671,-0.08075777,-0.48873404,9.817153
2021-01-20 21:50:21,5681,-0.19980069,-0.19202402,10.259227
2021-01-20 21:50:21,5691,-0.07058827,-0.28713873,9.806385
2021-01-20 21:50:21,5701,-0.1274178,0.1274178,10.070792
2021-01-20 21:50:21,5712,-0.0317049,0.096909314,9.890134
2021-01-20 21:50:21,5721,-0.18903299,0.47018966,10.216755
2021-01-20 21:50:21,5731,-0.06460621,0.45762733,9.882956
2021-01-20 21:50:21,5741,-0.25004998,0.7148558,10.229317
2021-01-20 21:50:21,5752,-0.1896312,1.160519,9.580862
2021-01-20 21:50:21,5761,0.22073789,1.4291133,9.155538
2021-01-20 21:50:21,5771,0.651446,0.7531409,8.88455
2021-01-20 21:50:21,5781,0.083748795,0.5706882,9.743574
2021-01-20 21:50:21,5792,-0.0071784677,0.45702913,9.84467
2021-01-20 21:50:21,5801,0.030508488,0.48095736,9.902099
2021-01-20 21:50:21,5811,0.05922236,0.51864433,9.787243
2021-01-20 21:50:21,5822,0.08853444,0.52223355,9.710074
2021-01-20 21:50:21,5831,0.10229317,0.5132605,9.772886
2021-01-20 21:50:21,5841,0.039481573,0.5300102,10.01157
2021-01-20 21:50:21,5851,0.054436713,0.51445687,9.902099
2021-01-20 21:50:21,5862,0.11246266,0.526421,9.624531
2021-01-20 21:50:21,5871,0.12622139,0.53180486,9.738789
2021-01-20 21:50:21,5882,0.096909314,0.4755735,9.845269
2021-01-20 21:50:21,5891,0.12143575,0.53240305,9.762716
2021-01-20 21:50:21,5901,0.16450655,0.56530434,9.71486
2021-01-20 21:50:21,5911,0.13100705,0.5706882,9.762716
2021-01-20 21:50:21,5922,0.20219351,0.5557331,9.753743
2021-01-20 21:50:21,5931,0.14536397,0.5946164,9.762716
2021-01-20 21:50:21,5941,0.17826529,0.57487565,9.753145
2021-01-20 21:50:21,5951,0.14536397,0.5802595,9.762716
2021-01-20 21:50:21,5962,0.15433706,0.58504516,9.787243
2021-01-20 21:50:21,5971,0.17826529,0.5946164,9.767502
2021-01-20 21:50:21,5981,0.14057833,0.613759,9.753145
2021-01-20 21:50:21,5991,0.15014961,0.6041877,9.767502
2021-01-20 21:50:21,6002,0.19262223,0.60358953,9.738789
2021-01-20 21:50:21,6011,0.13579269,0.6233303,9.729217
2021-01-20 21:50:21,6022,0.15014961,0.61854464,9.757931
2021-01-20 21:50:21,6031,0.15014961,0.6089734,9.772886
2021-01-20 21:50:21,6041,0.15972091,0.61854464,9.767502
2021-01-20 21:50:21,6051,0.15014961,0.6089734,9.787243
2021-01-20 21:50:21,6062,0.15433706,0.6089734,9.787243
2021-01-20 21:50:21,6071,0.13579269,0.64247286,9.781859
2021-01-20 21:50:21,6081,0.14536397,0.6089734,9.757931
2021-01-20 21:50:22,6092,0.15014961,0.6233303,9.796216
2021-01-20 21:50:22,6101,0.14536397,0.61854464,9.777073
2021-01-20 21:50:22,6111,0.17347965,0.6329016,9.772287
2021-01-20 21:50:22,6122,0.15014961,0.613759,9.777073
2021-01-20 21:50:22,6131,0.15493527,0.6233303,9.781859
2021-01-20 21:50:22,6141,0.15493527,0.6233303,9.772287
2021-01-20 21:50:22,6151,0.17347965,0.62811595,9.786645
2021-01-20 21:50:22,6162,0.15493527,0.613759,9.772287
2021-01-20 21:50:22,6171,0.15014961,0.61854464,9.786645
2021-01-20 21:50:22,6181,0.16869399,0.6041877,9.777672
2021-01-20 21:50:22,6192,0.19740787,0.613759,9.777672
2021-01-20 21:50:22,6201,0.16450655,0.6089734,9.762716
2021-01-20 21:50:22,6212,0.15972091,0.6041877,9.767502
2021-01-20 21:50:22,6222,0.1591227,0.62811595,9.79143
2021-01-20 21:50:22,6231,0.16390835,0.6089734,9.792028
2021-01-20 21:50:22,6241,0.16390835,0.613759,9.782457
2021-01-20 21:50:22,6252,0.14536397,0.6233303,9.73819
2021-01-20 21:50:22,6261,0.15014961,0.613759,9.766904
2021-01-20 21:50:22,6272,0.14476576,0.58504516,9.8015995
2021-01-20 21:50:22,6281,0.13579269,0.6041877,9.781859
2021-01-20 21:50:22,6291,0.14057833,0.5946164,9.792028
2021-01-20 21:50:22,6302,0.14057833,0.62811595,9.757333
2021-01-20 21:50:22,6311,0.14057833,0.62811595,9.733404
2021-01-20 21:50:22,6322,0.14057833,0.5988039,9.729217
2021-01-20 21:50:22,6331,0.15972091,0.60837513,9.743574
2021-01-20 21:50:22,6341,0.12562318,0.58564335,9.839287
2021-01-20 21:50:22,6352,0.12622139,0.5952146,9.810573
2021-01-20 21:50:22,6361,0.13579269,0.5946164,9.796814
2021-01-20 21:50:22,6371,0.12622139,0.5946164,9.762716
2021-01-20 21:50:22,6381,0.15014961,0.6089734,9.753145
2021-01-20 21:50:22,6392,0.15493527,0.6041877,9.753145
2021-01-20 21:50:22,6401,0.15433706,0.59940207,9.796814
2021-01-20 21:50:22,6411,0.14057833,0.58504516,9.8015995
2021-01-20 21:50:22,6421,0.14057833,0.58983076,9.806385
2021-01-20 21:50:22,6432,0.15014961,0.5946164,9.777672
2021-01-20 21:50:22,6441,0.14536397,0.59940207,9.772886
2021-01-20 21:50:22,6451,0.15433706,0.58504516,9.777672
2021-01-20 21:50:22,6462,0.14057833,0.6041877,9.786645
2021-01-20 21:50:22,6471,0.15433706,0.5946164,9.796814
2021-01-20 21:50:22,6481,0.14955142,0.59940207,9.792028
2021-01-20 21:50:22,6492,0.15014961,0.6041877,9.767502
2021-01-20 21:50:22,6502,0.14057833,0.6089734,9.782457
2021-01-20 21:50:22,6511,0.16869399,0.57547385,9.762716
2021-01-20 21:50:22,6521,0.13100705,0.5952146,9.8015995
2021-01-20 21:50:22,6532,0.15433706,0.58983076,9.782457
2021-01-20 21:50:22,6541,0.14955142,0.5946164,9.762716
2021-01-20 21:50:22,6551,0.15972091,0.5940182,9.729217
2021-01-20 21:50:22,6562,0.16390835,0.613759,9.743574
2021-01-20 21:50:22,6571,0.14476576,0.5946164,9.787243
2021-01-20 21:50:22,6581,0.15433706,0.6041877,9.762716
2021-01-20 21:50:22,6592,0.17347965,0.60358953,9.738789
2021-01-20 21:50:22,6601,0.10229317,0.613759,9.777073
2021-01-20 21:50:22,6611,0.116650105,0.62871414,9.810573
2021-01-20 21:50:22,6621,0.14596218,0.6987042,9.604192
2021-01-20 21:50:22,6631,0.18245272,0.51864433,9.88834
2021-01-20 21:50:22,6642,0.21655045,0.5413761,9.725029
2021-01-20 21:50:22,6652,0.1591227,0.5946164,9.777672
2021-01-20 21:50:22,6661,0.31046873,0.43669012,9.898509
2021-01-20 21:50:22,6672,0.05503492,0.6771688,9.829117
2021-01-20 21:50:22,6681,0.2638087,0.5599205,9.705887
2021-01-20 21:50:22,6691,0.17347965,0.5844469,9.738789
2021-01-20 21:50:22,6701,0.15134603,0.48454657,9.218947
2021-01-20 21:50:22,6712,-0.24047868,0.48394838,10.11147
2021-01-20 21:50:22,6721,0.23030917,0.52163535,9.663414
2021-01-20 21:50:22,6731,0.16869399,0.58983076,9.739387
2021-01-20 21:50:22,6742,0.16331014,0.55692947,9.840483
2021-01-20 21:50:22,6752,0.16869399,0.58504516,9.744172
2021-01-20 21:50:22,6761,0.16390835,0.5706882,9.806984
2021-01-20 21:50:22,6772,0.1591227,0.56590253,9.773484
2021-01-20 21:50:22,6781,0.13998012,0.590429,9.796814
2021-01-20 21:50:22,6792,0.13519448,0.58564335,9.811171
2021-01-20 21:50:22,6801,0.13519448,0.5706882,9.782457
2021-01-20 21:50:22,6811,0.14955142,0.5952146,9.8015995
2021-01-20 21:50:22,6821,0.16869399,0.5563313,9.802198
2021-01-20 21:50:22,6832,0.14955142,0.55692947,9.821341
2021-01-20 21:50:22,6841,0.1591227,0.56111693,9.802198
2021-01-20 21:50:22,6851,0.15433706,0.57547385,9.796814
2021-01-20 21:50:22,6861,0.15433706,0.57009,9.710672
2021-01-20 21:50:22,6872,0.13998012,0.5563313,9.802198
2021-01-20 21:50:22,6881,0.13519448,0.55692947,9.825528
2021-01-20 21:50:22,6891,0.14955142,0.5706882,9.792626
2021-01-20 21:50:22,6902,0.15493527,0.5940182,9.734002
2021-01-20 21:50:22,6911,0.14476576,0.5563313,9.787243
2021-01-20 21:50:22,6921,0.12143575,0.58564335,9.820743
2021-01-20 21:50:22,6932,0.14476576,0.5706882,9.787243
2021-01-20 21:50:22,6941,0.13100705,0.56590253,9.811171
2021-01-20 21:50:22,6951,0.13100705,0.5706882,9.8015995
2021-01-20 21:50:22,6962,0.14536397,0.57547385,9.767502
2021-01-20 21:50:22,6971,0.13579269,0.56111693,9.782457
2021-01-20 21:50:22,6982,0.14476576,0.56111693,9.796814
2021-01-20 21:50:22,6991,0.1591227,0.5802595,9.8015995
2021-01-20 21:50:22,7001,0.14955142,0.56111693,9.772886
2021-01-20 21:50:22,7012,0.1591227,0.5706882,9.772886
2021-01-20 21:50:22,7022,0.1591227,0.5605187,9.74836
2021-01-20 21:50:22,7032,0.15493527,0.57009,9.74836
2021-01-20 21:50:22,7041,0.1591227,0.5802595,9.762716
2021-01-20 21:50:22,7052,0.13579269,0.5515456,9.772886
2021-01-20 21:50:22,7061,0.13519448,0.54675996,9.811171
2021-01-20 21:50:22,7071,0.13040884,0.5665008,9.820743
2021-01-20 21:50:22,7082,0.13519448,0.56111693,9.811171
2021-01-20 21:50:23,7091,0.10229317,0.56111693,9.796814
2021-01-20 21:50:23,7101,0.111864455,0.5515456,9.782457
2021-01-20 21:50:23,7111,0.13100705,0.5515456,9.811171
2021-01-20 21:50:23,7122,0.14057833,0.56590253,9.772886
2021-01-20 21:50:23,7132,0.14536397,0.56590253,9.782457
2021-01-20 21:50:23,7141,0.16869399,0.5282156,9.868599
2021-01-20 21:50:23,7152,0.12622139,0.57547385,9.777073
2021-01-20 21:50:23,7161,0.16450655,0.57487565,9.738789
2021-01-20 21:50:23,7172,0.14476576,0.5665008,9.848858
2021-01-20 21:50:23,7181,0.1692922,0.5940182,9.729217
2021-01-20 21:50:23,7191,0.14536397,0.5940182,9.73819
2021-01-20 21:50:23,7201,0.15972091,0.56470615,9.676575
2021-01-20 21:50:23,7212,0.10707881,0.5521438,9.820144
2021-01-20 21:50:23,7221,0.15493527,0.5605187,9.757931
2021-01-20 21:50:23,7231,0.116650105,0.5521438,9.82493
2021-01-20 21:50:23,7241,0.14536397,0.57009,9.757931
2021-01-20 21:50:23,7253,0.14536397,0.56530434,9.734002
2021-01-20 21:50:23,7262,0.12143575,0.5515456,9.792028
2021-01-20 21:50:23,7271,0.111864455,0.5563313,9.772886
2021-01-20 21:50:23,7281,0.111864455,0.5563313,9.772886
2021-01-20 21:50:23,7292,0.111864455,0.5563313,9.772886
2021-01-20 21:50:23,7301,0.111864455,0.5563313,9.772886
2021-01-20 21:50:23,7311,0.111864455,0.5563313,9.772886
