Time,Acc_x,Acc_y,Acc_z,Gyro_x,Gyro_y,Gyro_z,Filter_angle
1,0.17826529,0.5802595,9.782457,-0.0019852535,-0.0029015245,0.00045813544,0.10623100614006034
11,0.17826529,0.5802595,9.782457,-0.0019852535,-0.0029015245,0.00045813544,0.10623100614006034
21,0.1788635,0.55513483,9.68136,-0.0019852535,-0.00167983,-0.0007635591000000001,0.10885328805454243
31,0.1788635,0.55513483,9.68136,0.00045813544,-0.0029015245,-0.0019852535,0.10900883902562127
41,0.16869399,0.6089734,9.834501,-0.003206948,-0.00167983,-0.0007635591000000001,0.0993490095963693
51,0.17826529,0.56111693,9.792028,-0.0007635591000000001,0.0006108472599999999,-0.0009162708999999999,0.106125806624981
61,0.1591227,0.5946164,9.801002,-0.0056503373,-0.0029015245,-0.0007635591000000001,0.09420254765451948
71,0.1591227,0.5706882,9.839885,-0.0019852535,-0.0029015245,-0.0007635591000000001,0.09371965476070532
81,0.15972091,0.57487565,9.743574,-0.003206948,-0.0029015245,-0.0007635591000000001,0.09585488037162956
91,0.16450655,0.58983076,9.767502,-0.0019852535,-0.0029015245,-0.0019852535,0.09831043257618628
101,0.1692922,0.5844469,9.781858999999999,-0.0019852535,-0.0029015245,-0.0019852535,0.10088463060722623
112,0.18305093,0.5796613,9.786645,-0.0019852535,-0.004123219,0.00045813544,0.108993892703308
121,0.18305093,0.56530434,9.777073,-0.003206948,-0.004123219,-0.0007635591000000001,0.10914787419094844
131,0.1788635,0.58923256,9.777073,-0.0019852535,-0.004123219,0.00045813544,0.10669337596187345
142,0.17826529,0.57009,9.796216000000001,-0.0019852535,-0.004123219,-0.0007635591000000001,0.10594638318274748
151,0.17826529,0.5605187,9.781858999999999,-0.0019852535,-0.0029015245,-0.0007635591000000001,0.1062689177108632
161,0.18364914,0.56530434,9.772287,-0.003206948,-0.005344913299999999,-0.0007635591000000001,0.10961236392536876
171,0.1788635,0.5844469,9.781858999999999,-0.003206948,-0.006566608000000001,-0.0007635591000000001,0.10651771810624917
181,0.19262223,0.5605187,9.766903999999998,-0.0019852535,-0.006566608000000001,-0.0019852535,0.11518882297389933
191,0.18305093,0.5796613,9.786645,-0.0044286429999999995,-0.004123219,-0.0007635591000000001,0.10883834169657848
202,0.1692922,0.57009,9.766903999999998,-0.0019852535,-0.0029015245,-0.0007635591000000001,0.10121064230665727
211,0.18783657,0.5844469,9.786645,-0.0007635591000000001,-0.0018325417999999999,0.00045813544,0.11191798585977505
221,0.17407785,0.5844469,9.777073,-0.0007635591000000001,-0.0029015245,0.00045813544,0.10391918820792298
231,0.1692922,0.57009,9.772287,-0.0007635591000000001,-0.0006108472599999999,-0.0007635591000000001,0.10117718565019386
241,0.18305093,0.5796613,9.786645,-0.0019852535,-0.0006108472599999999,-0.0007635591000000001,0.108993892703308
251,0.18364914,0.57487565,9.772287,-0.0007635591000000001,-0.0018325417999999999,-0.0007635591000000001,0.10975540888699412
262,0.16450655,0.56530434,9.766903999999998,-0.0007635591000000001,-0.0018325417999999999,-0.0007635591000000001,0.09842936001140945
271,0.1788635,0.57009,9.777073,-0.0007635591000000001,-0.0006108472599999999,-0.0019852535,0.10679586658556477
282,0.18783657,0.57487565,9.781858999999999,-0.0007635591000000001,-0.0029015245,0.00045813544,0.11204013922778305
291,0.1788635,0.57009,9.777073,-0.0007635591000000001,-0.0018325417999999999,-0.0007635591000000001,0.10679586658556477
301,0.18305093,0.5796613,9.786645,-0.0007635591000000001,-0.0006108472599999999,0.00167983,0.10907166818439108
312,0.17826529,0.57487565,9.772287,-0.0007635591000000001,-0.0018325417999999999,0.00045813544,0.10653640671291516
322,0.18783657,0.57009,9.787243,0.00045813544,-0.0006108472599999999,-0.0007635591000000001,0.11200143495327711
331,0.18783657,0.57487565,9.786645,0.00045813544,-0.0006108472599999999,0.00045813544,0.1120086883183611
342,0.18305093,0.5796613,9.79143,0.00045813544,0.0018325417999999999,-0.0009162708999999999,0.10904318982627048
352,0.19262223,0.56530434,9.787243,0.0018325417999999999,0.0006108472599999999,0.00045813544,0.11494822206412059
361,0.1692922,0.57009,9.781858999999999,-0.0007635591000000001,-0.0006108472599999999,0.00045813544,0.1009798450615342
372,0.19262223,0.57009,9.781858999999999,0.00045813544,0.0006108472599999999,-0.0019852535,0.11498024036640819
381,0.19740787,0.5796613,9.757333000000001,0.00045813544,0.0006108472599999999,0.00167983,0.11841348305828361
392,0.17826529,0.57487565,9.781858999999999,-0.0007635591000000001,0.0006108472599999999,-0.0007635591000000001,0.10632863018005045
402,0.1788635,0.5988039000000001,9.777073,-0.0007635591000000001,-0.0006108472599999999,-0.0007635591000000001,0.10675849215187778
411,0.19262223,0.57009,9.772287,-0.0007635591000000001,-0.0018325417999999999,-0.0007635591000000001,0.1151270006162189
422,0.15972091,0.56530434,9.766903999999998,-0.0019852535,-0.0006108472599999999,-0.0007635591000000001,0.09548677931231396
431,0.17407785,0.5796613,9.781858999999999,-0.0007635591000000001,-0.0006108472599999999,-0.0007635591000000001,0.10382386397475743
441,0.17826529,0.57487565,9.79143,0.00045813544,0.0006108472599999999,0.00045813544,0.10619925701764339
451,0.17826529,0.57009,9.786645,0.00045813544,-0.0006108472599999999,-0.0007635591000000001,0.10630880415137713
461,0.17407785,0.5796613,9.777073,0.00045813544,0.0006108472599999999,0.00045813544,0.1040030015995387
471,0.18783657,0.57487565,9.777073,0.00045813544,-0.0018325417999999999,0.00045813544,0.11222730082186232
482,0.1692922,0.57487565,9.781858999999999,0.00167983,-0.0018325417999999999,0.004123219,0.10112963055582429
491,0.18783657,0.56530434,9.786645,-0.0007635591000000001,-0.0006108472599999999,-0.0007635591000000001,0.11194362934025417
501,0.16869399,0.57547385,9.777672,0.00045813544,0.0006108472599999999,0.00167983,0.10078009535258559
512,0.18305093,0.58504516,9.782457,0.0018325417999999999,0.0018325417999999999,0.00030542362999999996,0.10932293477666587
521,0.19740787,0.56530434,9.777672,0.0018325417999999999,0.0006108472599999999,0.00045813544,0.11803090701884636
531,0.18305093,0.58504516,9.787243,-0.0007635591000000001,-0.00167983,0.00045813544,0.10905126382905676
541,0.16869399,0.56590253,9.8015995,0.00045813544,0.0006108472599999999,0.00045813544,0.10030184460618359
551,0.16390835,0.5706882,9.777672,0.00045813544,-0.0018325417999999999,-0.0007635591000000001,0.09792751907861034
562,0.19740787,0.57487565,9.777672,0.0018325417999999999,-0.0018325417999999999,-0.0019852535,0.1180174935772295
571,0.18783657,0.5802595,9.782457,0.0018325417999999999,-0.0018325417999999999,0.00045813544,0.11218449789998171
581,0.18305093,0.6041877,9.787243,0.0018325417999999999,-0.004123219,-0.0019852535,0.10919070718419803
592,0.16869399,0.56590253,9.8015995,0.00045813544,-0.004123219,-0.0007635591000000001,0.10030184460618359
601,0.17826529,0.58504516,9.767502,0.004275931,-0.0006108472599999999,-0.0019852535,0.10694818127582863
611,0.19262223,0.5802595,9.777672,0.0030542363,0.0077883024,0.00030542362999999996,0.11522962071040985
621,0.19262223,0.5706882,9.787243,-0.003206948,-0.0029015245,0.00045813544,0.11462009125666833
632,0.09750752,0.590429,9.844072,-0.0019852535,0.005497625,0.00030542362999999996,0.05731852011382889
641,0.17347965,0.57487565,9.762716000000001,-0.0019852535,-0.00167983,0.00045813544,0.1038000678185082
651,0.19262223,0.54675996,9.787243,-0.0007635591000000001,0.0006108472599999999,0.0015271180999999999,0.11480759411892148
661,0.18783657,0.5515456,9.782457,-0.0019852535,-0.0006108472599999999,0.00167983,0.11197938706726755
671,0.16869399,0.57547385,9.787243,-0.0007635591000000001,-0.0006108472599999999,-0.0007635591000000001,0.10050604538306822
682,0.17826529,0.56590253,9.772886,-0.0007635591000000001,0.0006108472599999999,-0.0021379655,0.10653477037466078
691,0.16869399,0.58504516,9.777672,-0.0007635591000000001,0.0006108472599999999,0.00045813544,0.10069065582816214
701,0.17347965,0.56111693,9.782457,0.00045813544,0.0006108472599999999,-0.0007635591000000001,0.10355488811797435
712,0.19262223,0.57009,9.782457,0.0018325417999999999,0.0018325417999999999,0.00167983,0.11505373194562077
721,0.16390835,0.56590253,9.777672,0.0018325417999999999,0.0006108472599999999,0.00045813544,0.09802056784880514
731,0.17347965,0.5796613,9.772886,-0.0019852535,-0.0006108472599999999,0.00167983,0.10357864881622136
742,0.18783657,0.5605187,9.787243,0.0018325417999999999,0.0006108472599999999,0.00045813544,0.1121015404834631
751,0.23988047,0.53659046,9.796814,0.00045813544,0.0006108472599999999,0.00045813544,0.14280213167878794
761,0.19262223,0.58504516,9.792028,0.00167983,-0.0029015245,0.00167983,0.11479959955998496
772,0.18305093,0.5844469,9.777672,0.004275931,-0.006566608000000001,0.00167983,0.10958581419500167
781,0.18783657,0.57009,9.753145,0.0018325417999999999,0.0006108472599999999,0.00167983,0.11287056161804905
792,0.20219351,0.5796613,9.767502,0.00167983,-0.0029015245,0.00045813544,0.12110971064091618
801,0.18305093,0.58504516,9.787243,0.0018325417999999999,-0.0006108472599999999,0.00167983,0.10921653674545691
811,0.17347965,0.5706882,9.796814,0.0030542363,-0.005344913299999999,0.00045813544,0.1034063351965148
821,0.19262223,0.5796613,9.782457,0.0030542363,-0.0077883024,-0.0007635591000000001,0.11511833652613551
831,0.19740787,0.5802595,9.792028,0.00167983,-0.009009996999999999,-0.0019852535,0.11765590793807824
842,0.17347965,0.57009,9.777672,0.005497625,-0.0077883024,0.00045813544,0.10396576575458003
851,0.17826529,0.5796613,9.777672,0.004275931,-0.010231691,0.00045813544,0.10673413372087986
861,0.20219351,0.57487565,9.762716000000001,0.005497625,-0.009009996999999999,0.00045813544,0.12147800699922769
871,0.17826529,0.5802595,9.792028,0.005497625,-0.0077883024,0.00045813544,0.10650029691995355
882,0.17347965,0.5802595,9.796814,0.004275931,-0.0077883024,-0.0007635591000000001,0.10347230573127456
891,0.18783657,0.58923256,9.762716000000001,0.0030542363,-0.009009996999999999,0.00045813544,0.11270201010778208
902,0.19262223,0.59940207,9.762716000000001,0.005497625,-0.004123219,0.00045813544,0.11570941988529589
911,0.19262223,0.5844469,9.757931,0.0006108472599999999,0.0006108472599999999,-0.0009162708999999999,0.1155324517288905
922,0.22133609999999998,0.5880361999999999,9.600603,-0.009315420999999999,0.017409148,0.00015271181,0.13647961038620993
931,0.14416756,0.5485545999999999,9.993025999999999,0.00045813544,-0.00167983,0.00167983,0.08249786496849848
942,0.22612174,0.60777694,9.634102,-0.0019852535,0.009009996999999999,0.00030542362999999996,0.13890620861475395
951,0.17826529,0.58504516,9.792028,-0.0056503373,0.009009996999999999,0.00030542362999999996,0.10578444370516576
961,0.17347965,0.57009,9.753743,-0.0056503373,0.017409148,-0.0010689828,0.1037633581218739
972,0.17347965,0.5665008,9.835099000000001,-0.0044286429999999995,0.005497625,0.00030542362999999996,0.1021356981358346
981,0.18783657,0.56590253,9.783055000000001,-0.003206948,0.0018325417999999999,-0.0009162708999999999,0.11186922349596876
991,0.2015953,0.58504516,9.835099000000001,0.0018325417999999999,0.0030542363,0.00030542362999999996,0.11910678064397921
1002,0.18305093,0.5706882,9.787243,0.0018325417999999999,0.0006108472599999999,-0.0021379655,0.10923537100296396
1011,0.18305093,0.5706882,9.792028,0.0018325417999999999,0.0006108472599999999,-0.0021379655,0.10912911372663374
1021,0.17826529,0.57547385,9.772886,-0.0007635591000000001,-0.00167983,-0.0007635591000000001,0.10652262138212329
1032,0.17826529,0.58983076,9.787243,0.00045813544,-0.0029015245,-0.0007635591000000001,0.10627055107217431
1041,0.19262223,0.57547385,9.77827,-0.0007635591000000001,-0.00167983,0.00045813544,0.114979182509447
1051,0.18305093,0.56590253,9.773484,-0.0019852535,-0.0006108472599999999,0.00030542362999999996,0.10930493584583685
1062,0.18783657,0.58504516,9.772886,0.0018325417999999999,0.0006108472599999999,0.00030542362999999996,0.11239680591821986
1071,0.18305093,0.57547385,9.782457,-0.0007635591000000001,0.0006108472599999999,0.0015271180999999999,0.10917029391316851
1081,0.20219351,0.5802595,9.773484,-0.0019852535,0.0006108472599999999,0.00030542362999999996,0.12072795126188543
1092,0.18783657,0.5802595,9.777672,-0.0007635591000000001,0.0018325417999999999,0.00030542362999999996,0.11212855407951315
1101,0.19740787,0.5844469,9.767502,-0.0007635591000000001,-0.0006108472599999999,-0.0007635591000000001,0.11808332623963413
1111,0.18305093,0.57487565,9.777672,-0.0007635591000000001,0.0006108472599999999,-0.0009162708999999999,0.10927763405750739
1122,0.17347965,0.57547385,9.787243,-0.0007635591000000001,-0.0018325417999999999,0.00045813544,0.10335866247979524
1132,0.15493527,0.5802595,9.781858999999999,0.00045813544,-0.0018325417999999999,0.00045813544,0.09247859071910344
1141,0.20219351,0.57487565,9.777672,0.0018325417999999999,-0.0006108472599999999,0.00045813544,0.12087568397542837
1152,0.18783657,0.58923256,9.772886,0.0018325417999999999,0.0006108472599999999,0.00045813544,0.11239104627522159
1161,0.18783657,0.57009,9.782457,0.00045813544,-0.0006108472599999999,-0.0019852535,0.11211065387761507
1171,0.18783657,0.5988039000000001,9.777073,-0.0007635591000000001,-0.0006108472599999999,-0.0007635591000000001,0.1121166854731481
1182,0.18783657,0.5605187,9.757931,-0.0007635591000000001,-0.0006108472599999999,-0.0007635591000000001,0.11260784658540746
1191,0.15433706,0.5706882,9.805786999999999,-0.0019852535,-0.00167983,-0.0007635591000000001,0.09152922326495135
1201,0.18783657,0.56111693,9.792028,-0.0019852535,-0.0006108472599999999,0.00045813544,0.11174865042961857
1212,0.19262223,0.5796613,9.767502,-0.0007635591000000001,-0.0029015245,-0.0007635591000000001,0.11522623998925895
1221,0.19740787,0.5802595,9.8015995,-0.0007635591000000001,-0.0018325417999999999,0.00045813544,0.11727169225170246
1231,0.19740787,0.56530434,9.777672,0.0018325417999999999,-0.0018325417999999999,-0.0007635591000000001,0.11803090701884636
1242,0.19262223,0.5802595,9.8015995,0.00045813544,-0.0018325417999999999,0.00045813544,0.11450535004268149
1251,0.19262223,0.5796613,9.782457,0.00167983,-0.004123219,-0.0019852535,0.11503083910355086
1261,0.18305093,0.58983076,9.782457,0.0018325417999999999,-0.0018325417999999999,-0.0007635591000000001,0.1093165418012295
1272,0.18305093,0.5706882,9.792028,0.00167983,-0.0029015245,-0.0007635591000000001,0.10911939179149835
1282,0.17347965,0.5796613,9.767502,0.00045813544,0.0018325417999999999,-0.0009162708999999999,0.1038481573714759
1291,0.17347965,0.5706882,9.806385,-0.0019852535,-0.00167983,-0.0007635591000000001,0.10288482079264888
1302,0.18305093,0.56590253,9.8015995,-0.0007635591000000001,-0.0029015245,-0.003206948,0.10875789719002457
1311,0.18305093,0.5796613,9.762716000000001,-0.0019852535,-0.004123219,-0.0019852535,0.10952758611857114
1321,0.19262223,0.57009,9.782457,-0.003206948,-0.004123219,-0.0019852535,0.11473290806068827
1331,0.20219351,0.57487565,9.772886,-0.0019852535,-0.005344913299999999,-0.0019852535,0.12075053300447115
1341,0.19262223,0.5605187,9.777672,0.00045813544,-0.005344913299999999,-0.003206948,0.11509135624653875
1352,0.17826529,0.5796613,9.782457,-0.0007635591000000001,-0.009009996999999999,-0.0056503373,0.10630955008476793
1361,0.19262223,0.57009,9.74836,-0.0007635591000000001,-0.0029015245,-0.003206948,0.11569115236440378
1372,0.18305093,0.57547385,9.796814,-0.0007635591000000001,-0.005344913299999999,-0.0044286429999999995,0.10885151373734193
1382,0.20219351,0.56530434,9.792028,0.0030542363,-0.005344913299999999,-0.0044286429999999995,0.12061450657896847
1391,0.19740787,0.57009,9.762716000000001,0.00167983,-0.005344913299999999,-0.003206948,0.11837481036303835
1401,0.18305093,0.5706882,9.796814,0.0030542363,-0.006566608000000001,-0.0044286429999999995,0.10910076473500895
1412,0.21176479999999998,0.56530434,9.796814,0.004275931,-0.005344913299999999,-0.003206948,0.12626983516876988
1421,0.19740787,0.56530434,9.772886,0.004275931,-0.009009996999999999,-0.006872031999999999,0.11830159119376563
1431,0.19740787,0.57487565,9.757931,0.004275931,-0.0077883024,-0.006872031999999999,0.11864891789428313
1442,0.20219351,0.5844469,9.753145,0.0018325417999999999,-0.004123219,-0.009315420999999999,0.12146759829609909
1451,0.19740787,0.56530434,9.792028,-0.0007635591000000001,-0.010231691,-0.009315420999999999,0.11752129025308503
1461,0.19740787,0.57009,9.792028,-0.0019852535,-0.01007898,-0.01175881,0.11743687476358582
1472,0.17826529,0.59940207,9.786645,0.00045813544,-0.009009996999999999,-0.009315420999999999,0.10627090765149831
1481,0.19740787,0.58923256,9.777672,0.00045813544,-0.004123219,-0.009315420999999999,0.11790945973279865
1492,0.18305093,0.5802595,9.787243,-0.0007635591000000001,-0.006566608000000001,-0.006872031999999999,0.10905759319076919
1501,0.18783657,0.57547385,9.782457,0.00045813544,-0.0077883024,-0.009315420999999999,0.11210345526507277
1511,0.20219351,0.5605187,9.758529,-0.0019852535,-0.0018325417999999999,-0.011911521999999999,0.12112592062389148
1521,0.2111666,0.56590253,9.792028,-0.0019852535,-0.004123219,-0.015576605,0.1256368702714934
1532,0.22552353,0.53659046,9.758529,-0.003206948,-0.005344913299999999,-0.026571855,0.13507591638621527
1542,0.20638095,0.56590253,9.787243,-0.0018325417999999999,-0.005344913299999999,-0.031458635,0.12291625280502606
1551,0.20697916,0.5605187,9.782457,-0.003206948,-0.005344913299999999,-0.031458635,0.12331353678081433
1562,0.19740787,0.57009,9.762716000000001,-0.0018325417999999999,-0.005344913299999999,-0.03268033,0.1181512058294597
1571,0.20219351,0.613759,9.772886,-0.003206948,-0.005344913299999999,-0.031458635,0.12061449369824755
1582,0.17347965,0.6089734,9.757931,-0.003206948,-0.004123219,-0.022906773,0.1037799586982168
1592,0.19262223,0.5946164,9.792028,0.0006108472599999999,0.0006108472599999999,-0.015576605,0.11471808999524863
1601,0.20697916,0.58923256,9.762716000000001,-0.003206948,0.0006108472599999999,-0.013133216000000001,0.12376912212340488
1612,0.20697916,0.5706882,9.787243,-0.0019852535,-0.004123219,-0.013133216000000001,0.12325616672466407
1621,0.24945176,0.5413760999999999,9.763314,-0.003206948,-0.0018325417999999999,-0.020463383,0.14927492279862112
1631,0.24945176,0.49830532,9.787841,-0.004275931,0.0018325417999999999,-0.038941513999999997,0.14853028581388317
1642,0.20697916,0.5413760999999999,9.753743,-0.004275931,0.00167983,-0.051158458,0.12399886266895026
1651,0.13579269,0.62811595,9.796216000000001,-0.005497625,0.0006108472599999999,-0.051158458,0.08039214803506153
1662,0.14536397,0.62811595,9.786645,-0.006872031999999999,0.0006108472599999999,-0.034054733999999996,0.08616415740774896
1671,0.16869399,0.6089734,9.782457,-0.0056503373,0.0030542363,-0.026724567999999997,0.10025144696519257
1681,0.16869399,0.58983076,9.777672,-0.003206948,0.004123219,-0.020463383,0.10052920179118321
1692,0.18305093,0.59940207,9.777672,-0.0044286429999999995,0.0030542363,-0.013133216000000001,0.10901149589677053
1701,0.18783657,0.6041877,9.806385,-0.0019852535,0.0018325417999999999,-0.0070247436,0.11136437960930114
1711,0.17826529,0.57547385,9.782457,0.0018325417999999999,0.0030542363,-0.0021379655,0.10648018042514387
1721,0.19740787,0.5802595,9.782457,0.0018325417999999999,0.0030542363,-0.0021379655,0.1178949509684546
1732,0.18783657,0.57009,9.772886,0.0006108472599999999,0.0030542363,-0.0009162708999999999,0.11233927015848413
1741,0.20219351,0.5706882,9.792028,-0.0019852535,0.0030542363,0.00030542362999999996,0.12028602762907405
1751,0.20697916,0.56590253,9.796814,-0.0044286429999999995,-0.004123219,0.00045813544,0.1228674275136797
1762,0.19740787,0.56530434,9.767502,-0.0056503373,0.0006108472599999999,-0.0009162708999999999,0.11779938558498841
1771,0.20219351,0.5706882,9.792028,-0.0044286429999999995,-0.0029015245,-0.0007635591000000001,0.12013047662234452
1782,0.21176479999999998,0.57009,9.777672,-0.0056503373,-0.00045813544,0.0015271180999999999,0.1261229183060711
1791,0.21176479999999998,0.56530434,9.777672,-0.003206948,0.0030542363,-0.0021379655,0.1262856339970938
1801,0.19262223,0.5563313,9.8015995,-0.003206948,0.0018325417999999999,-0.0009162708999999999,0.11430432617601215
1812,0.19262223,0.56111693,9.787243,-0.0007635591000000001,0.0018325417999999999,-0.0021379655,0.1147885850122229
1821,0.20697916,0.57487565,9.777672,-0.0007635591000000001,-0.0029015245,-0.0007635591000000001,0.12356860682863847
1831,0.21655045,0.5796613,9.767502,-0.003206948,-0.004123219,0.00045813544,0.12939049559490992
1841,0.20697916,0.57487565,9.757931,-0.0044286429999999995,-0.00167983,-0.0009162708999999999,0.12383422610423249
1851,0.19740787,0.5605187,9.757931,-0.0056503373,0.0018325417999999999,-0.0009162708999999999,0.11803719093087166
1862,0.21176479999999998,0.56530434,9.762716000000001,-0.0056503373,0.0030542363,-0.0009162708999999999,0.12651663478401992
1871,0.20219351,0.56530434,9.782457,-0.006872031999999999,0.0077883024,0.0015271180999999999,0.12021754479675106
1881,0.18783657,0.56530434,9.762716000000001,-0.0019852535,0.011453386000000001,0.00030542362999999996,0.11241368775340678
1892,0.20697916,0.56590253,9.792028,-0.0019852535,0.010231691,0.00030542362999999996,0.12314298892465877
1901,0.18305093,0.56590253,9.806385,-0.0007635591000000001,0.004275931,0.0015271180999999999,0.10865208094330375
1912,0.18783657,0.56530434,9.782457,0.0018325417999999999,0.006566608000000001,0.0015271180999999999,0.11220449405385692
1921,0.19740787,0.57487565,9.782457,0.0006108472599999999,0.006566608000000001,0.0015271180999999999,0.11782480323182351
1931,0.19740787,0.5557331,9.792028,0.0030542363,0.004275931,-0.0009162708999999999,0.11777745284345512
1941,0.20697916,0.56530434,9.772886,0.0018325417999999999,0.004275931,0.00030542362999999996,0.12386865888059102
1952,0.19740787,0.5557331,9.787243,0.0006108472599999999,0.0077883024,0.00030542362999999996,0.11773653313964581
1961,0.19262223,0.56530434,9.772886,-0.0007635591000000001,0.0077883024,0.00030542362999999996,0.11511946005176987
1972,0.21655045,0.58923256,9.792028,-0.003206948,0.009009996999999999,0.00030542362999999996,0.12872939448213105
1981,0.19262223,0.5605187,9.777672,-0.003206948,0.009009996999999999,0.00030542362999999996,0.11485802978801063
1992,0.18783657,0.57009,9.767502,-0.0044286429999999995,0.01267508,0.00030542362999999996,0.11214186307469094
2002,0.17826529,0.5509474,9.782457,-0.0044286429999999995,0.013744063999999999,0.0015271180999999999,0.10611219050078316
2011,0.18305093,0.57009,9.777672,-0.006872031999999999,0.01267508,0.0015271180999999999,0.108895001300144
2022,0.17826529,0.57009,9.757931,-0.006872031999999999,0.016187451999999998,0.0025961008,0.10646642295093328
2031,0.21655045,0.5557331,9.738789,-0.010537115,0.022295926,0.00503949,0.12972365548508025
2041,0.18305093,0.5605187,9.777672,-0.019241689,0.017561859,0.006261184300000001,0.10811985937720954
2051,0.19740787,0.53180486,9.767502,-0.020463383,0.02351762,0.00503949,0.1169017416548968
2062,0.18783657,0.54675996,9.825528,-0.016798299,0.017409148,0.0013744063,0.11006477852107419
2071,0.18305093,0.5605187,9.777672,-0.015576605,0.011453386000000001,0.0013744063,0.10835318587138834
2081,0.17347965,0.5419743,9.792028,-0.011911521999999999,0.009009996999999999,0.00030542362999999996,0.10258847989244459
2091,0.18305093,0.5461618,9.782457,-0.008093725999999999,0.011453386000000001,0.0015271180999999999,0.10874104750912857
2101,0.17347965,0.5557331,9.777672,-0.009315420999999999,0.010231691,0.00030542362999999996,0.10304019956145548
2112,0.18305093,0.53659046,9.74836,-0.011911521999999999,0.015118469499999999,0.0025961008,0.10927319503416105
2121,0.18305093,0.5455635999999999,9.71486,-0.021685077,0.030695075,0.0061084726,0.1093974716550612
2132,0.15972091,0.5509474,9.710074,-0.031611346,0.04871507,0.010842538,0.0947357814513375
2141,0.16869399,0.5413760999999999,9.767502,-0.039094225,0.057114217,0.013133216000000001,0.09851147819311255
2151,0.17347965,0.5461618,9.782457,-0.041537613,0.06062659,0.009468133,0.10089921431813166
2162,0.1591227,0.53240305,9.839885,-0.034054733999999996,0.053449135,0.008246438,0.09171886205481253
2171,0.1591227,0.53240305,9.830314,-0.026724567999999997,0.042606596,0.0047340663,0.09236788906291152
2182,0.13100705,0.53240305,9.8015995,-0.020463383,0.030695075,0.002443389,0.0765983716479819
2191,0.13100705,0.53240305,9.782457,-0.020463383,0.030695075,0.0036650835999999997,0.07690264509064335
2202,0.13579269,0.53180486,9.762716000000001,-0.023059483999999998,0.029473381,0.0036650835999999997,0.07992191131286873
2211,0.15433706,0.53659046,9.777672,-0.025502874,0.035429142000000004,0.0036650835999999997,0.09059440341949296
2222,0.12622139,0.5276174,9.796814,-0.030389652000000003,0.029473381,0.0061084726,0.07319782451674492
2231,0.12622139,0.5180461,9.815957000000001,-0.026724567999999997,0.02107423,0.002443389,0.07314698716078762
2241,0.10707881,0.51864433,9.849456,-0.019241689,0.017409148,0.0013744063,0.061841570843836444
2252,0.12143575,0.50368917,9.811171,-0.009468133,0.0030542363,0.00030542362999999996,0.07148875304630582
2261,0.13998012,0.50368917,9.792028,-0.0044286429999999995,0.0018325417999999999,0.0015271180999999999,0.08314298294589735
2272,0.10707881,0.5132605,9.811171,-0.0007635591000000001,-0.00167983,0.0029015245,0.06351336355914519
2281,0.13100705,0.5180461,9.782457,0.0018325417999999999,-0.0018325417999999999,-0.0007635591000000001,0.07833433801166248
2291,0.12622139,0.53240305,9.777672,-0.0007635591000000001,-0.004123219,0.00167983,0.07537350002934273
2301,0.13579269,0.5132605,9.777672,-0.0019852535,-0.00167983,-0.0007635591000000001,0.08103187721604445
2311,0.14476576,0.5180461,9.796814,-0.0007635591000000001,-0.0006108472599999999,0.00045813544,0.08613124506006468
2322,0.12143575,0.52283174,9.787243,0.004275931,-0.0006108472599999999,0.00167983,0.07270090777403772
2331,0.09272188,0.5084748,9.782457,0.00045813544,0.0018325417999999999,0.0029015245,0.05539439011005574
2342,0.12143575,0.5276174,9.792028,0.00045813544,-0.0018325417999999999,-0.0007635591000000001,0.07238350881406347
2351,0.12143575,0.5084748,9.777672,-0.0019852535,-0.004123219,-0.0007635591000000001,0.07245497759230318
2361,0.12143575,0.5276174,9.782457,-0.0019852535,-0.00167983,-0.0007635591000000001,0.0723691967611849
2371,0.13100705,0.49351966,9.767502,-0.0019852535,-0.004123219,0.00045813544,0.07835066900570052
2381,0.13100705,0.5180461,9.806385,-0.0019852535,-0.00167983,0.00045813544,0.07771110780254459
2391,0.13100705,0.52283174,9.782457,-0.0007635591000000001,-0.0029015245,-0.0007635591000000001,0.07816500525002056
2401,0.14476576,0.5084748,9.777672,-0.0007635591000000001,0.0006108472599999999,0.00030542362999999996,0.08647692974172168
2411,0.12143575,0.5132605,9.792028,-0.0007635591000000001,0.0006108472599999999,-0.0009162708999999999,0.07231697905645446
2422,0.13100705,0.5180461,9.787243,0.00167983,-0.0029015245,0.00045813544,0.07824835104811774
2431,0.12622139,0.5180461,9.8015995,0.00167983,-0.004123219,0.00167983,0.07517409380886081
2441,0.12622139,0.5084748,9.782457,0.0030542363,-0.005344913299999999,0.00045813544,0.07556255802093309
2452,0.13100705,0.5180461,9.772886,-0.0007635591000000001,-0.0029015245,0.00045813544,0.07832191417737737
2461,0.12622139,0.50787663,9.762716000000001,-0.003206948,0.0006108472599999999,0.0015271180999999999,0.0754687232669906
2472,0.12143575,0.503091,9.757931,-0.006872031999999999,0.004275931,0.00030542362999999996,0.07244120807366392
2481,0.13579269,0.5084748,9.787243,-0.008093725999999999,0.00671932,0.0015271180999999999,0.0804889060851958
2491,0.13100705,0.5132605,9.767502,-0.010689826999999999,0.0007635591000000001,0.0027488125,0.07778021525793598
2502,0.12622139,0.4989035,9.787243,-0.010689826999999999,0.005497625,0.003970507,0.07462164890137041
2511,0.13100705,0.5132605,9.782457,-0.010689826999999999,0.00671932,0.003970507,0.07754116214976382
2521,0.12622139,0.48873404,9.772886,-0.011911521999999999,0.0030542363,0.0051922016,0.07477262982648733
2531,0.13100705,0.50368917,9.777672,-0.014354911000000001,0.005497625,0.0027488125,0.07739215478127039
2541,0.14536397,0.5174479000000001,9.767502,-0.02183779,0.005497625,0.006413896,0.0856650021352823
2551,0.12143575,0.5180461,9.767502,-0.024281177999999997,0.009162709,0.006261184300000001,0.07117892007693254
2561,0.111864455,0.4941179,9.8015995,-0.023059483999999998,0.010384403,0.0074828790000000004,0.06507743378963281
2572,0.116650105,0.4989035,9.796814,-0.014354911000000001,0.010231691,0.006413896,0.06854265524070999
2581,0.116650105,0.48873404,9.772886,-0.014354911000000001,0.011453386000000001,0.006413896,0.06888962317480608
2591,0.12622139,0.49351966,9.743574,-0.019394400000000003,0.015118469499999999,0.0074828790000000004,0.07474648892091185
2602,0.13100705,0.50787663,9.74836,-0.027946262000000003,0.02107423,0.006261184300000001,0.07699376349994554
2611,0.116650105,0.48873404,9.743574,-0.035429142000000004,0.027182704,0.008551862,0.06796755713061708
2621,0.09272188,0.48873404,9.757931,-0.046577102999999995,0.024892027,0.017103724,0.052689418567941744
2631,0.0741775,0.47916272,9.74836,-0.059099473,0.024892027,0.028098974,0.04085288982342452
2642,0.111864455,0.47018966,9.787243,-0.059099473,0.029626092000000003,0.02687728,0.06299396819602952
2651,0.116650105,0.47018966,9.811171,-0.055281675999999995,0.029626092000000003,0.020768806,0.06575454728483489
2661,0.12143575,0.48933223,9.792028,-0.049173206,0.030847786000000002,0.0132859275,0.06925318610154822
2672,0.116650105,0.4749753,9.777672,-0.047798797000000004,0.036803547,0.009620844,0.06670202015277886
2681,0.09750752,0.465404,9.796814,-0.047798797000000004,0.036803547,0.0047340663,0.05503506227960899
2691,0.083748795,0.4408776,9.734002,-0.058946762,0.03802524,0.012064233,0.04678651587526416
2702,0.06879365400000001,0.43669012,9.758529,-0.08261709,0.031000498999999997,0.020616096,0.036048360062309937
2711,0.08793623,0.42652065,9.725029,-0.11010522,0.023975754,0.027946262000000003,0.04616137835108818
2722,0.09750752,0.4408776,9.748958,-0.12858334,0.037261683,0.03130592,0.050476136812464156
2731,0.111864455,0.41694933,9.734601,-0.14599249,0.05650337,0.029778805,0.0582180239703762
2741,0.10648060599999999,0.4319045,9.797412,-0.15332267,0.06490252,0.029778805,0.05367389986501684
2751,0.064008005,0.39900318,9.859625999999999,-0.15210097,0.054059982,0.024892027,0.027980854296191723
2761,0.05922236,0.36550367,9.85484,-0.13728791,0.03603999,0.02519745,0.026150877562090512
2771,0.06879365400000001,0.3505485,9.817153,-0.12736166,0.027640837999999997,0.022906773,0.032737612665535015
2781,0.06879365400000001,0.31226337,9.793225,-0.11865708,0.026419144,0.020463383,0.03350219892978008
2792,0.08315059,0.3164508,9.768699,-0.12110047,0.03955236,0.021532366,0.04216274687192061
2801,0.05922236,0.31226337,9.778868,-0.12980504,0.046729814,0.026266431,0.027184090486884735
2811,0.04007978,0.29790643,9.778868,-0.140953,0.04688253,0.028709821,0.015018733155321961
2821,0.035294134,0.31226337,9.768699,-0.16584504,0.04459185,0.032374903999999996,0.010611357313183072
2831,0.04965107,0.33140594,9.763913,-0.18691926,0.051922015999999994,0.032222192999999996,0.01790632723328938
2842,0.04965107,0.28833509999999996,9.778868,-0.21181129,0.06398625,0.025808297,0.016238947305485456
2851,0.030508487999999997,0.19621146,9.779466000000001,-0.23151112,0.08200624599999999,0.019394400000000003,0.003531531017864004
2861,0.016151553,0.17766708,9.80818,-0.23899399,0.0904054,0.020463383,-0.005598317869791805
2872,-0.012562318999999999,0.13938192,9.827323,-0.24143738,0.092848785,0.015576605,-0.02282172531214839
2881,0.0065802624,0.14895321,9.803394,-0.24510247,0.093917765,0.0056503373,-0.011681661892622588
2891,-0.0077766734,0.18245272,9.80818,-0.25380704,0.100026235,-0.00671932,-0.020787947441654277
2901,-0.02213361,0.18305093,9.855438000000001,-0.26632940000000005,0.079715565,-0.0077883024,-0.030006940685699188
2912,-0.036490545,0.14955142,9.856036,-0.29137415,0.04031592,0.0036650835999999997,-0.040067281926362074
2921,-0.0317049,0.03888337,9.866206,-0.30007872,0.021226942999999998,0.009926268,-0.03776490492875418
2931,-0.013160525,-0.01375873,9.866206,-0.31504446,0.005803049,0.018630841999999998,-0.027802659114152473
2941,-0.022731815,-0.028115666,9.8524475,-0.33245359999999996,0.013133216000000001,0.023364907,-0.03458194769820271
2952,-0.032303106,-0.047258247,9.866804,-0.33749312,0.0010689828,0.025961007999999997,-0.040496434319455286
2961,-0.04127619,-0.05264209999999999,9.809377,-0.3399365,-0.0132859275,0.017409148,-0.04621791541774251
2971,-0.02213361,-0.08673982,9.742377000000001,-0.34619770000000005,-0.0132859275,0.0027488125,-0.035399757202920795
2982,-0.012562318999999999,-0.17347965,9.680762,-0.35841462,0.020310672,-0.014813046000000002,-0.030495132539937582
2991,-0.0035892338,-0.19740787,9.73819,-0.3694099,0.07773031,-0.03634541,-0.025685016160480568
3001,-0.01794617,-0.2015953,9.766903999999998,-0.37292224,0.11835165,-0.041690327,-0.034515428829306284
3012,-0.046660043,-0.2536392,9.810573,-0.37292224,0.11957335,-0.04046863,-0.05149900702445872
3021,-0.06580263,-0.29671,9.810573,-0.36925718,0.114839286,-0.033138465,-0.06264396382259725
3031,-0.07058827,-0.30628130000000003,9.815358,-0.3581092,0.11835165,-0.018325418,-0.06473713896709181
3042,-0.07537391,-0.36909288,9.811171,-0.33825666,0.115908265,-0.016951011000000002,-0.06633508723514868
3051,-0.11784652,-0.421735,9.811171,-0.30725616,0.089489125,-0.020310672,-0.08957628888910654
3061,-0.13220344,-0.42592242,9.830314,-0.29244313,0.05222744,-0.017409148,-0.09685516109435323
3072,-0.11365908,-0.44506502,9.849456,-0.29015246,0.027182704,-0.0061084726,-0.08546264290791607
3081,-0.11844472,-0.48873404,9.821341,-0.29763532,0.020005248,-0.0022906773,-0.08912951732114813
3091,-0.08015956,-0.4941179,9.720842,-0.3037438,0.041537613,-0.0025961008,-0.06781545795128946
3101,-0.1274178,-0.52283174,9.725628,-0.31718245,0.08108997,-0.011606098,-0.09715225497060687
3111,-0.12263216,-0.5563313,9.720842,-0.31458634,0.12048962,-0.036650836,-0.0941409494015797
3122,-0.17048861,-0.58923256,9.763913,-0.30939415,0.13362284,-0.055128965999999995,-0.1217884678366347
3131,-0.1896312,-0.6227321,9.807582,-0.30206397,0.11804623,-0.058641337,-0.13173207824624938
3142,-0.1471586,-0.6753741999999999,9.822536999999999,-0.30099499999999996,0.098957255,-0.040010497,-0.10614050676821266
3151,-0.19501504,-0.6843473000000001,9.856036,-0.31107396,0.052380152,-0.008857285999999999,-0.1342749429533431
3161,-0.17108682,-0.6801598000000001,9.827323,-0.334897,0.032222192999999996,0.0132859275,-0.12233683970401027
3172,-0.14237295,-0.7046863,9.750154499999999,-0.35963634,0.043064732,0.024128467,-0.1082570717059744
3181,-0.15194423,-0.7429714,9.736395,-0.38819343,0.0659715,0.03115321,-0.11601689546665642
3191,-0.18484555,-0.7573284,9.745967,-0.41048935,0.07925743,0.035887275,-0.13696494872754034
3201,-0.21834506,-0.8243273999999999,9.722038000000001,-0.4303419,0.08292252,0.03451287,-0.1588097770373713
3212,-0.23748764,-0.9595219000000001,9.723235,-0.434007,0.10094251,0.018325418,-0.17016828343825238
3221,-0.24287150000000002,-0.96789676,9.823733,-0.44515494,0.09849912,0.004886778,-0.17114648738988653
3232,-0.24765715,-0.9726824000000001,9.881161,-0.47630814,0.0555871,0.0013744063,-0.1742584299967273
3241,-0.23808585,-0.99720883,9.824330999999999,-0.5076141,0.030695075,0.011453386000000001,-0.17220927440752223
3251,-0.21894327,-1.0169496999999998,9.751947999999999,-0.5349495,0.029626092000000003,0.027182704,-0.16454479554559087
3261,-0.23808585,-1.1222339,9.714262,-0.54609746,0.035734563999999996,0.030847786000000002,-0.17741768513324951
3272,-0.26679972,-1.2035898,9.753145,-0.5586198,0.02015796,0.025961007999999997,-0.19385287650046723
3281,-0.24765715,-1.2951152,9.686745,-0.56854606,0.018936265,0.013744063999999999,-0.1847616740104076
3291,-0.2434697,-1.2951152,9.753743,-0.5945071,0.027488127,0.007330166999999999,-0.18193746398431826
3302,-0.22432712,-1.3334004,9.711269999999999,-0.61939913,0.03955236,0.014507622,-0.1731964815904237
3311,-0.23389842,-1.4297116,9.6783695,-0.641695,0.07314896,0.023823043,-0.18086492487883793
3321,-0.2434697,-1.4919248999999999,9.687941,-0.6452074000000001,0.09956810599999999,0.013744063999999999,-0.18626106668990988
3332,-0.29072794,-1.5780666,9.659825,-0.6452074000000001,0.103080474,0.0027488125,-0.21494778668350725
3341,-0.32482567,-1.625923,9.688539,-0.64780354,0.07314896,-0.008093725999999999,-0.23407847211708668
3351,-0.32063824,-1.6833506999999999,9.70828,-0.6540646999999999,0.04688253,-0.017561859,-0.23086777218768148
3361,-0.28175488,-1.750948,9.65145,-0.65895146,0.044439137000000004,-0.016340164,-0.2097316860196096
3372,-0.30149564,-1.7748761999999998,9.65145,-0.67391723,0.037414394,-0.01267508,-0.2222824528718338
3381,-0.31106696,-1.8418752,9.671191,-0.6963659000000001,0.025502874,-0.005344913299999999,-0.22821509231993942
3391,-0.31046873,-1.9202401999999998,9.499506,-0.70262706,0.035123717,-0.005497625,-0.23411499795250917
3401,-0.38285163,-1.9944177,9.752547,-0.7301152,-0.004123219,-0.003970507,-0.26785206891368873
3412,-0.22013968,-2.0697916000000003,9.48156,-0.74874604,-0.014813046000000002,-0.0038177953000000002,-0.18158588890948912
3421,-0.30209386,-2.1308086,9.649057,-0.7524111,-0.0029015245,0.0021379655,-0.22516159614030787
3431,-0.37387854,-2.2259233,9.696914,-0.7698203,-0.015882028,0.008246438,-0.26542074318994746
3441,-0.23389842,-2.2636101,9.2488575,-0.749815,0.024739314,0.015271181000000002,-0.19554608644361457
3452,-0.36909288,-2.4089742000000003,9.58804,-0.7499677,-0.008857285999999999,0.023059483999999998,-0.26412189642697714
3461,-0.31166515,-2.501098,9.469596000000001,-0.73622364,0.031764057000000005,0.014049487,-0.23301841025690784
3471,-0.34516466,-2.5202405,9.493524,-0.70247436,0.07711947,0.00030542362999999996,-0.24970306655386193
3481,-0.41216369999999997,-2.605784,9.550952,-0.6998783000000001,0.0697893,-0.009468133,-0.2854995184152756
3492,-0.34456646,-2.608775,9.19801,-0.65131587,0.13545538,-0.012369657,-0.25743939664646487
3501,-0.43609193,-2.7439694,9.600004,-0.6227588000000001,0.094528615,-0.009468133,-0.29028510587282885
3512,-0.3822534,-2.7290142000000004,9.112467,-0.57053137,0.10384403,-0.012980503999999999,-0.2783665715774114
3521,-0.46959144,-2.8989046000000003,9.461819,-0.54579204,0.073912516,-0.02351762,-0.30948829140218137
3531,-0.38823548,-3.0209386,9.190832,-0.50593424,0.09636115,-0.043217443,-0.2698661443207191
3541,-0.39661035,-2.8731818,9.084949499999999,-0.49325916,0.14889401,-0.046271678,-0.2816891529963316
3552,-0.42711884,-2.9413772000000002,9.529416000000001,-0.48837240000000004,0.12369657,-0.055739813,-0.277135343207205
3561,-0.38823548,-2.9772696,9.276375,-0.48226392,0.12018419999999999,-0.06062659,-0.2650596446733619
3571,-0.4019942,-2.7906294,9.199206,-0.47722440000000005,0.11896250400000001,-0.049478628,-0.2796146513825188
3581,-0.45044887,-3.057429,9.448658,-0.48012593,0.040010497,-0.038941513999999997,-0.29225029875784914
3592,-0.42652065,-3.2033913,9.254242,-0.45279053,0.023059483999999998,-0.034971006,-0.2836428629947781
3601,-0.38763726,-3.0801609,9.033503999999999,-0.43782479999999996,0.06139015,-0.025502874,-0.2716916341906209
3611,-0.44147578,-3.2841492,9.335598,-0.41415444,0.067193195,-0.02779355,-0.2846340055949499
3621,-0.45463630000000005,-3.295515,9.101699,-0.40147936,0.116213694,-0.040621344,-0.30355430846562664
3632,-0.4354937,-3.1950164,9.067601,-0.40010494,0.15439165,-0.043370154,-0.2954259947723796
3641,-0.503091,-3.2787652,9.392427,-0.43751934,0.11392301,-0.040774055,-0.31910654681657885
3652,-0.47916272,-3.313461,9.268599,-0.4538595,0.07452337,-0.04031592,-0.31225539512989403
3661,-0.38883367,-3.3667013999999997,9.260223,-0.48623443,0.04718795,-0.027946262000000003,-0.2604245523940153
3671,-0.43669012,-3.5102708,9.260822000000001,-0.50639236,-0.028098974,-0.018630841999999998,-0.2873266895108913
3682,-0.33140594,-3.4313076000000002,9.002397,-0.51754034,-0.006413896,-0.017714571000000002,-0.23752305479872077
3691,-0.4319045,-3.6550366999999997,9.137591,-0.5238015,-0.017256435,-0.023823043,-0.28884338531973414
3701,-0.44027936,-3.5270207,8.955138999999999,-0.5160132000000001,0.05451812,-0.03436016,-0.3051678538352259
3712,-0.5174479000000001,-3.6257246,9.165109,-0.52609223,0.045049984,-0.035429142000000004,-0.3386778178199332
3721,-0.44566320000000004,-3.7034912,9.05145,-0.5210527,0.064138964,-0.03802524,-0.3001433188595845
3732,-0.37447673,-3.6903307,9.004191,-0.5172349,0.09162709,-0.03466558,-0.25950881567895484
3742,-0.5312066,-3.8380876000000006,8.961121,-0.5471664,0.025961007999999997,-0.041537613,-0.35509829170893503
3751,-0.41216369999999997,-3.7674992,8.927621,-0.5570927,0.04871507,-0.04550812,-0.28696697928122156
3762,-0.5461618,-3.8805601999999997,9.071191,-0.60061556,0.019088976,-0.041690327,-0.3596946534120186
3771,-0.503091,-3.9678980999999998,8.986245,-0.6190937,0.05619795,-0.03603999,-0.3381244532529367
3781,-0.5802595,-4.046861,9.229714999999999,-0.65162134,0.0036650835999999997,-0.039246935,-0.3688221465952055
3791,-0.4319045,-4.0648074,8.853444,-0.6565081,0.03970507,-0.038483378,-0.30253786873776595
3802,-0.57009,-4.106084,9.049057000000001,-0.6542174,0.0061084726,-0.028251685,-0.3724328077196583
3811,-0.5198407,-3.9816568,8.426325,-0.6552864,0.030084227999999998,-0.013744063999999999,-0.38463080038704717
3821,-0.39900318,-4.257429599999999,8.849853999999999,-0.65055233,0.0025961008,-0.002443389,-0.278451273410062
3832,-0.37806597,-4.1982074,8.438289,-0.6293254,0.024128467,0.01099525,-0.2839179207642999
3841,-0.46061835,-4.425525700000001,8.826525,-0.6056551,0.029931515,0.007330166999999999,-0.3092570404259542
3852,-0.3080759,-4.418347,8.597412,-0.5882459,0.06093201400000001,0.014354911000000001,-0.22636047768724366
3861,-0.45164528,-4.5649076,8.799007000000001,-0.57831967,0.04902049,0.0132859275,-0.30016877156357263
3871,-0.33200413,-4.500301400000001,8.52144,-0.5757234999999999,0.095597595,0.012827792,-0.24148463769960735
3882,-0.43728834,-4.666601999999999,8.670392999999999,-0.56075776,0.105065726,0.012827792,-0.29411936901474633
3891,-0.36011982,-4.500301400000001,8.507083,-0.53815645,0.14690876,0.013744063999999999,-0.2570255410577325
3902,-0.52223355,-4.7629137,8.598608,-0.5210527,0.0749815,0.0035123718,-0.3428488628141091
3911,-0.59760743,-4.633701,8.526225,-0.49249560000000003,0.061695572000000004,-0.0010689828,-0.39495907369994204
3921,-0.6975078,-4.753342,8.468798,-0.49402273,-0.013744063999999999,-0.003970507,-0.4551753156138821
3932,-0.53180486,-4.825725,8.55135,-0.4677563,0.016034741,-0.015271181000000002,-0.34581242599849704
3941,-0.40857446,-4.8017970000000005,8.580064,-0.44668207,0.006413896,-0.010231691,-0.2705831617226367
3951,-0.49950173,-4.9980082999999995,8.614759,-0.42805119999999997,0.025502874,-0.0077883024,-0.3157665549027295
3962,-0.5407779,-4.793421700000001,8.383852000000001,-0.40682426,0.057725064000000006,0.00045813544,-0.35811021009019406
3971,-0.698106,-4.9310093,8.469994,-0.42438614,0.0074828790000000004,-0.00030542362999999996,-0.44341986477907375
3981,-0.53659046,-4.9992046,8.432905,-0.4005631,0.033596598,-0.015118469499999999,-0.34539815352534264
3991,-0.6723832,-4.848457,7.9968133,-0.40178478,0.040774055,-0.017714571000000002,-0.46607094301078844
4002,-0.6418746999999999,-5.015356,8.710473,-0.42179003,0.018172706,-0.027335415,-0.39087874317921417
4011,-0.56470615,-5.0859447,8.323433999999999,-0.4301892,0.067193195,-0.051158458,-0.3674405863324172
4021,-0.41276190000000007,-5.009972599999999,8.342576,-0.46256408,0.035123717,-0.06826218,-0.27918126748350547
4032,-0.5377869000000001,-5.194818,8.577671,-0.46012070000000005,0.02183779,-0.08765658,-0.3356947122725418
4042,-0.59282184,-5.1068815999999995,8.132606,-0.45996800000000004,0.055281675999999995,-0.09422319,-0.3975962692870022
4051,-0.6125626000000001,-5.2492547,8.319844,-0.45508119999999996,0.037414394,-0.08292252,-0.3916370559603195
4061,-0.50368917,-5.263612,8.338987,-0.44271156,0.05054761,-0.07925743,-0.324951939875692
4071,-0.51206404,-5.111667,8.175676,-0.44408596,-0.0021379655,-0.073912516,-0.3438415060165357
4082,-0.58564335,-5.400601,8.583653,-0.48531815,-0.08567133,-0.08674031,-0.3571575516532376
4091,-0.5694918000000001,-5.4963136,8.1015,-0.49142662,-0.0581832,-0.105371155,-0.3717256191702107
4101,-0.5617151,-5.512465,8.422137,-0.51524967,-0.11193776,-0.11712996,-0.3504457344795939
4112,-0.56410795,-5.3718867,7.9722867,-0.5051707000000001,-0.079715565,-0.12858334,-0.3818952789358883
4121,-0.5844469,-5.624928,8.150552000000001,-0.4989095,-0.08933641,-0.13087402,-0.37320641099907614
4131,-0.45583272,-5.651847,7.8927255,-0.44286427,-0.052532863,-0.12247488,-0.30533183371034656
4141,-0.3074777,-5.4903316,7.734799400000001,-0.40300646,0.020310672,-0.09483404,-0.2214652018350473
4152,-0.4229314,-5.5591254,8.09791,-0.32726142,0.020005248,-0.07238539999999999,-0.271995216129709
4161,-0.45463630000000005,-5.5423756,7.7826557,-0.30236940000000007,0.029473381,-0.060168455999999995,-0.3045949744302106
4171,-0.3702893,-5.5740805,8.031509,-0.28999972,0.03191677,-0.03802524,-0.2404425433225758
4182,-0.2757728,-5.809175,8.100303,-0.31473905,0.05833591,-0.01267508,-0.17905815325537533
4191,-0.4331009,-5.8277197,8.080561999999999,-0.33352262,0.050089475,-0.0027488125,-0.271235191923942
4201,-0.5395814999999999,-5.7403817,7.539784,-0.3605526,0.10888352,-0.0059557609999999995,-0.36722140644970885
4212,-0.46241298,-5.89771,8.295917,-0.36803547,0.11132691,-0.0010689828,-0.27915188128456686
4221,-0.43669012,-5.723632,7.9363947,-0.3086306,0.06322269,0.005803049,-0.2809669681524645
4231,-0.50189453,-5.6153564000000005,7.591828,-0.28251687,0.065513365,0.008246438,-0.34047917769175223
4241,-0.4660022,-5.857032,8.032705,-0.25151637,0.04734066,0.012369657,-0.2861727572029648
4252,-0.4941179,-6.0215383000000005,7.7850485,-0.22677705,0.014965758000000001,0.010231691,-0.3067032251315511
4261,-0.53180486,-5.8677993,7.836494,-0.22173755,0.03634541,-0.008246438,-0.3320348512122808
4272,-0.53180486,-5.892326000000001,7.774878999999999,-0.24785128,0.009009996999999999,-0.021685077,-0.3359470057577784
4281,-0.5736792,-5.8061843,7.7168529999999995,-0.25777754,0.009009996999999999,-0.029015245,-0.3688491843275409
4292,-0.68494546,-6.0568323,8.090732000000001,-0.29030517,-0.035123717,-0.034818295,-0.4026787058695247
4301,-0.5413760999999999,-6.055636,7.727620599999999,-0.2727433,-0.008857285999999999,-0.038788800000000005,-0.3391732541550637
4311,-0.4881358,-5.8749776,7.5499535,-0.26281703,0.0018325417999999999,-0.031458635,-0.32233376781223555
4322,-0.5210371,-5.7020965,7.596614,-0.24785128,0.0006108472599999999,-0.020310672,-0.346659712081832
4331,-0.60358953,-6.0879389999999995,7.8711899999999995,-0.23685603,-0.04734066,-0.011147963,-0.3643332336396094
4341,-0.5413760999999999,-6.055636,7.718049499999999,-0.21562909,-0.017561859,-0.02611372,-0.3360315700132686
4352,-0.5024927,-5.979664,7.6606216,-0.21944688,-0.030695075,-0.03451287,-0.3188198559216948
4361,-0.46959144,-6.0897336,7.6660056,-0.22311196,-0.02107423,-0.03466558,-0.29489953784878126
4372,-0.45044887,-6.061618,7.6516485,-0.22189027,-0.010231691,-0.026266431,-0.284966281628485
4381,-0.48394838,-6.061618,7.627720399999999,-0.22799873,-0.0030542363,-0.02260135,-0.3066176961922614
4391,-0.5844469,-6.2512493,7.8436728,-0.23807772,-0.036498122,-0.028404397999999997,-0.34801459339758445
4402,-0.52223355,-6.209973000000001,7.63789,-0.22051586,-0.010384403,-0.04459185,-0.3228221726933669
4411,-0.47856453,-6.009574,7.507480999999999,-0.21440738,-0.018783553,-0.05803049,-0.31014936222343104
4422,-0.46959144,-6.1244297,7.537391,-0.21058959,-0.024739314,-0.06520794,-0.29866023862638563
4431,-0.4743771,-6.181857,7.571489,-0.19699824,-0.030847786000000002,-0.078646585,-0.29701675682130757
4441,-0.4743771,-6.2057858,7.590631500000001,-0.19577655,-0.046424393,-0.089489125,-0.2952029029194347
4452,-0.45104706,-6.2297139999999995,7.576275,-0.19944163,-0.044133715,-0.10430217,-0.28130818962108667
4461,-0.38524446,-6.320641,7.6678,-0.21196399999999999,-0.06795676,-0.11025793,-0.23702559055040737
4471,-0.4408776,-6.2883377000000005,7.4901333,-0.20310672,-0.04886778,-0.11774081,-0.2770335872350653
4481,-0.39361933,-6.2691956,7.4853473,-0.19440214,-0.018936265,-0.10201149400000001,-0.24894197725040695
4491,-0.31345975,-6.2787666,7.539186,-0.18325418,-0.017714571000000002,-0.06520794,-0.19823852528076602
4502,-0.30388847,-6.284150599999999,7.481160000000001,-0.16844113,-0.01175881,-0.024739314,-0.19312196871709159
4511,-0.3367898,-6.2697935,7.4620175,-0.16217995,-0.0009162708999999999,-0.0027488125,-0.21346338248328364
4522,-0.45463630000000005,-6.169295,7.345965400000001,-0.16340165,0.018172706,0.01175881,-0.29346663711742893
4531,-0.50368917,-6.4594245,7.639684700000001,-0.15851486,0.006261184300000001,0.0070247436,-0.2984251047522129
4541,-0.4031906,-6.3607206,7.442875,-0.13484453,0.02275406,-0.0077883024,-0.24958333404953778
4551,-0.40259242,-6.265606,7.3567333,-0.12110047,0.023975754,-0.013896775,-0.25473097540348394
4561,-0.38883367,-6.3367925000000005,7.4237323,-0.092543356,0.018936265,-0.016187451999999998,-0.23974440336698774
4572,-0.4031906,-6.384649,7.429116199999999,-0.075286925,0.0009162708999999999,-0.017103724,-0.2455397322585984
4581,-0.38883367,-6.389435,7.4195447,-0.05787778,0.0009162708999999999,-0.014660333999999999,-0.23605506373700952
4591,-0.3367898,-6.37089,7.376474000000001,-0.03298575,0.018783553,0.002443389,-0.20522025147117096
4602,-0.37447673,-6.3948183,7.414758999999999,-0.014354911000000001,0.02107423,0.016034741,-0.2247096338500346
4611,-0.40797627,-6.4085774,7.4195447,0.007941014,0.019852536,0.022295926,-0.24268315813253388
4621,-0.3792624,-6.3948183,7.395616499999999,0.04031592,0.016034741,0.021226942999999998,-0.22476140859677904
4632,-0.39361933,-6.3367925000000005,7.3950186,0.060168455999999995,0.0076355906000000005,0.021379653,-0.2339627051863226
4641,-0.38883367,-6.293721700000001,7.385447,0.07131642,0.009926268,0.018936265,-0.23207205576431877
4651,-0.4223332,-6.384649,7.438687299999999,0.083686076,-0.006872031999999999,0.014354911000000001,-0.24647576255919448
4661,-0.41276190000000007,-6.346364,7.4141607,0.10353861,-0.012980503999999999,0.012064233,-0.2417059701527411
4671,-0.39840496,-6.341578,7.4380894,0.12720895,-0.011911521999999999,0.015729317,-0.23082357326682687
4681,-0.42711884,-6.346364,7.4333034,0.15576605,-0.015729317,0.01099525,-0.24625297399997775
4691,-0.40797627,-6.355935,7.457232,0.19180603,-0.017103724,0.00503949,-0.23125983922958684
4702,-0.40797627,-6.3367925000000005,7.4189467,0.20921518,-0.013591352,0.0013744063,-0.23222957058705887
4711,-0.41276190000000007,-6.321837400000001,7.509874000000001,0.22280654,-0.019547112,-0.0045813546,-0.23123318013271063
4721,-0.38943190000000005,-6.2979093,7.5296144,0.22906773,-0.023212196,-0.009468133,-0.21697553444652481
4731,-0.37986058,-6.2398834,7.548159,0.22540264,-0.019547112,0.0015271180999999999,-0.21257255292665161
4741,-0.37986058,-6.2398834,7.5625157000000005,0.22280654,-0.025502874,0.01267508,-0.21222571743617202
4751,-0.38464624,-6.2494545,7.543373599999999,0.24632415,-0.03283304,0.026266431,-0.21398618267610595
4761,-0.39361933,-6.2255263,7.5236325,0.28480753,-0.038941513999999997,0.046118967000000004,-0.21836263703981443
4772,-0.36969109999999994,-6.163313,7.523034599999999,0.33306447,-0.0762032,0.08353336,-0.20274525434285384
4781,-0.34576288,-6.081957,7.533204,0.36391225,-0.10735641,0.103691325,-0.18817035244246802
4792,-0.36969109999999994,-6.071787400000001,7.5613194,0.42102647,-0.12675081,0.11880979,-0.19843690433605474
4801,-0.3792624,-6.048457599999999,7.512865,0.46088424,-0.080326416,0.10750912,-0.20424750207944276
4812,-0.4223332,-6.02752,7.675576700000001,0.47600272,-0.036192699999999994,0.08628218,-0.22375342823290278
4821,-0.40378883,-6.0370917,7.709076400000001,0.47982052,-0.023059483999999998,0.06765133,-0.21075679892584925
4831,-0.4229314,-6.041279,7.7760754,0.47493374,-0.026724567999999997,0.049325917000000004,-0.21967124401230348
4842,-0.4325027,-6.0598235,7.833503200000001,0.46622917,-0.03268033,0.035887275,-0.22296061557962346
4851,-0.40438703,-6.0119667,7.8903327,0.45874628,-0.030236938999999997,0.025961007999999997,-0.20625548919870954
4861,-0.40378883,-5.921039599999999,7.8711899999999995,0.4538595,-0.037414394,0.028557109,-0.20957900493066411
4871,-0.39421752,-5.853442,7.8753777000000005,0.45859358,-0.058946762,0.048409645,-0.20539010873195293
4882,-0.360718,-5.738587,7.8891363,0.46714544,-0.08047912,0.07437065,-0.1874251673109994
4891,-0.36550367,-5.651847,7.9076805,0.47447562,-0.12354386,0.09941539,-0.19145851942475178
4901,-0.360718,-5.642874,7.893324000000001,0.48806697,-0.11880979,0.100637086,-0.1884535591864051
4912,-0.37986058,-5.690132,7.94118,0.49188477,-0.10918894400000001,0.08826743,-0.1967274110642489
4921,-0.40857446,-5.670391599999999,8.012366,0.48821968,-0.11285403,0.07482879,-0.21187822166415657
4932,-0.38943190000000005,-5.675177,8.041080000000001,0.47829340000000004,-0.10201149400000001,0.057419643,-0.19989534656041774
4941,-0.36131623,-5.679364700000001,8.075178,0.47478104,-0.081700824,0.04871507,-0.18217977313696465
4951,-0.37567315,-5.59741,8.117053,0.46485478,-0.08414421,0.044897273,-0.1918106808007633
4962,-0.35653058,-5.477769400000001,8.106883,0.46592376,-0.09849912,0.05375456,-0.18373160826070717
4971,-0.31345975,-5.42094,8.063811999999999,0.47707170000000004,-0.09361234,0.06841489999999999,-0.1598578853475684
4981,-0.32303107,-5.3186464,8.1637125,0.48944137,-0.11514471,0.10185878,-0.16379986366109506
4992,-0.29910284,-5.285147,8.149356,0.5054761,-0.12720895,0.12781979,-0.14946555129817893
5001,-0.3182454,-5.2701917,8.210971,0.51784575,-0.12598725,0.15484978,-0.158577187760235
5012,-0.34217364,-5.250451,8.286942999999999,0.5251759,-0.12598725,0.16706672,-0.1702745803067104
5021,-0.34695929999999997,-5.2743793,8.282756,0.52151084,-0.12843063,0.16462334,-0.1729660863997913
5031,-0.33738798,-5.21755,8.248658,0.5241069,-0.10323319,0.15210097,-0.16955453494661418
5041,-0.33738798,-5.1260242,8.295917,0.5317425,-0.07345438,0.13224843,-0.16942013453878466
5052,-0.37567315,-5.1200423,8.382058,0.5279246999999999,-0.08536591,0.11880979,-0.18950254881165168
5061,-0.36610186,-5.072186,8.367103,0.5317425,-0.09147438,0.09437589999999998,-0.1852518224661629
5071,-0.32721849999999997,-4.991428,8.309675,0.5393781,-0.056961507,0.06704049,-0.16518484865033287
5082,-0.34157544,-4.9381876,8.376076,0.5480826999999999,-0.04734066,0.056045234000000006,-0.17210867330245386
5091,-0.35653058,-4.7772703000000005,8.671588999999999,0.55800897,-0.079715565,0.06001574,-0.17288110903699871
5101,-0.33320054,-4.825725,8.590832,0.57999945,-0.15042114,0.07681404,-0.15970711647416663
5112,-0.3379862,-4.917250599999999,8.600403,0.61222166,-0.17332791,0.08582404,-0.15833335974004056
5121,-0.33738798,-4.893920400000001,8.505288,0.6531484000000001,-0.19134790000000002,0.08124269,-0.15917482974621
5131,-0.293719,-4.7694936,8.495118,0.6966713000000001,-0.1963874,0.07406523,-0.13295230235716274
5141,-0.26979074,-4.6115675000000005,8.474779,0.7638645000000001,-0.16691402,0.06429167,-0.11742617188048603
5152,-0.22731815,-4.582854,8.4604225,0.8299886999999999,-0.11575556,0.059099473,-0.08784135595570973
5161,-0.24646074,-4.470391,8.699107000000001,0.8672504000000001,-0.108730815,0.060473877999999995,-0.09240879350559454
5171,-0.22253251,-4.4189453,8.56451,0.91199493,-0.07543964,0.068873025,-0.07921919841294443
5181,-0.24167510000000003,-4.3932223,8.741579,0.9544488000000001,-0.02535016,0.066124216,-0.08390536508712106
5192,-0.23688944,-4.345366,8.751151,0.97567576,0.0044286429999999995,0.058488625999999995,-0.0800617854417726
5201,-0.27038896,-4.253242,8.812167,0.9845331,0.015118469499999999,0.05467083,-0.09912965783132291
5211,-0.29910284,-4.113262000000001,8.901898,0.99186325,0.0018325417999999999,0.046271678,-0.1150672530220676
5222,-0.26141587,-4.0594234,9.016753999999999,0.9857548,-0.012522368999999998,0.028098974,-0.09042420345615013
5231,-0.26979074,-3.9888352999999994,8.863014999999999,0.9845331,-0.019699825,0.01099525,-0.1009601951387159
5241,-0.30867413,-3.9349968,8.967701,1.0080506999999999,-0.018630841999999998,-0.004886778,-0.12023584138953847
5252,-0.23688944,-3.8057845,8.986245,1.0254599,-0.03436016,-0.018172706,-0.07723318026186679
5261,-0.19800608,-3.6478580999999997,8.937791,1.0204203,-0.039094225,-0.018172706,-0.0567761603410008
5271,-0.22193429999999997,-3.5569308,8.956335000000001,1.0031639,-0.004275931,-0.01007898,-0.07306123221751405
5282,-0.23688944,-3.4827532999999997,9.170492999999999,0.96727663,0.02107423,-0.0030542363,-0.07946966804235303
5291,-0.28414768,-3.1884363,9.373882,0.90894073,0.032069482,-0.0021379655,-0.1082010947533842
5302,-0.36430725,-3.2961133,9.096913,0.87778753,0.035734563999999996,-0.01343864,-0.16707885594041696
5312,-0.18484555,-3.251846,9.345767,0.86160004,0.017867281999999998,-0.019394400000000003,-0.053309462977855854
5321,-0.20757736,-3.0311081000000004,9.268001,0.8493831000000001,0.043064732,-0.014813046000000002,-0.07100920826396095
5331,-0.20817557,-3.083152,9.358928,0.85426986,0.06352811,-0.0051922016,-0.06845929523371988
5341,-0.25543383,-2.900101,9.415159,0.83059955,0.054059982,0.0045813546,-0.09791446964297087
5352,-0.25902304,-2.9593234,9.18126,0.82326937,0.062459134000000006,0.014354911000000001,-0.10707737759790659
5361,-0.2835495,-2.71705,9.5048895,0.80082077,0.041079476000000004,0.026724567999999997,-0.11526116094927906
5371,-0.36430725,-2.8283165,9.342775999999999,0.7870767,0.037567105,0.030389652000000003,-0.16894927398815612
5381,-0.32662028,-2.5441687,9.512667,0.77333266,0.034054733999999996,0.021685077,-0.14376721240120355
5392,-0.32183465,-2.5489542000000003,9.470194000000001,0.76462805,0.023212196,0.012064233,-0.1430395088664479
5401,-0.35533416,-2.5142583999999997,9.622736,0.77211094,-0.007941014,0.00503949,-0.15666230722668031
5411,-0.30209386,-2.4879375,9.359525999999999,0.797003,0.003970507,0.008704574,-0.13380690036116605
5421,-0.32662028,-2.32702,9.631111,0.83915144,0.0013744063,0.016187451999999998,-0.1371989381810806
5431,-0.28175488,-2.3832514,9.263813,0.8454126000000001,0.016951011000000002,0.020921519,-0.12261265638689554
5442,-0.28295127,-2.1738793999999997,9.677772000000001,0.86282176,0.027640837999999997,0.016034741,-0.10985090696830412
5452,-0.33080772,-2.0243279999999997,9.658030499999999,0.83548635,0.01099525,0.0038177953000000002,-0.14145800657403398
5461,-0.27218357,-2.1038892000000002,9.41456,0.8516738000000001,0.018019995,-0.0059557609999999995,-0.11335949379683614
5471,-0.3068795,-1.8658035,9.709475999999999,0.84296924,0.0013744063,-0.0009162708999999999,-0.1262010664944392
5481,-0.30089745,-1.9304096999999998,9.380463,0.8800781999999999,-0.009620844,0.010384403,-0.13193773852508145
5492,-0.33499518,-1.7545372,9.785447999999999,0.8874084000000001,-0.046729814,0.029167956000000002,-0.13770877584504218
5501,-0.19680966,-1.9100707,9.595817,0.94070476,-0.058946762,0.05283829,-0.05790848633542345
5511,-0.41575295,-1.6677973000000001,9.78485,0.9604046,-0.09712471,0.08887827400000001,-0.18063278421188336
5522,-0.37627137,-1.6707883999999997,9.425925999999999,0.93917763,-0.10903624,0.10124794,-0.17546468819541428
5531,-0.13040884,-1.6061822000000001,9.8428755,0.94788224,-0.08154811,0.110868774,-0.014778807494085553
5541,-0.37208393,-1.3375878,9.739386999999999,0.9217685,-0.0981937,0.102316916,-0.16190691500668897
5552,-0.15254244,-1.3878371999999999,9.521041,0.93688697,-0.07437065,0.086129464,-0.03476484621400357
5561,-0.17766708,-1.1449656000000001,9.959526,0.9604046,-0.08521319,0.08261709,-0.040144802019750084
5571,-0.30927232,-1.1084751,9.613763,0.94039935,-0.133012,0.070858285,-0.129340402228611
5581,-0.14297116,-1.0648061000000002,9.74836,0.94788224,-0.12827793,0.07207998,-0.0248396859334322
5592,-0.26141587,-0.8572287000000001,9.827921,0.8919896999999999,-0.13881505,0.05467083,-0.09711417193376252
5601,-0.15672988,-0.72323066,9.827921,0.8971819,-0.08735116,0.035734563999999996,-0.035354553180140906
5611,-0.2955136,-0.7746763000000001,9.927821,0.8400677,-0.08964183,-0.0012216945,-0.11726723503528923
5621,-0.15672988,-0.6759724,9.75494,0.8414421000000001,-0.05619795,-0.010231691,-0.04034917574800307
5632,-0.22313072,-0.7040881,9.793823,0.8203679,-0.057266932,-0.024892027,-0.08037204915067771
5641,-0.15672988,-0.5688936,9.912866000000001,0.8490777,-0.035887275,-0.023823043,-0.03703118490821
5651,-0.20877378,-0.62751776,9.745368,0.8328902,-0.046577102999999995,-0.033596598,-0.07240743326143814
5662,-0.27098715,-0.29790643,10.144969999999999,0.85503346,-0.063375406,0.0047340663,-0.09629506210113044
5671,-0.08075777,-0.48873404,9.817153,0.8362499,-0.09666658,0.04795151,0.0053455728540485565
5681,-0.19980069,-0.19202402,10.259227000000001,0.8634325999999999,-0.12186403,0.07284354,-0.05375924601280333
5691,-0.07058827,-0.28713873,9.806385,0.83090496,-0.17561859,0.067193195,0.010876184173961719
5701,-0.1274178,0.1274178,10.070791999999999,0.8296833,-0.1563769,0.06810947,-0.019151422534124895
5712,-0.0317049,0.09690931400000001,9.890134,0.782648,-0.15988927,0.04459185,0.03125530168140089
5721,-0.18903299,0.47018966,10.216755000000001,0.78142637,-0.15500249,0.038483378,-0.053794471968520836
5731,-0.06460621,0.45762733,9.882956,0.7514948,-0.17042638,0.029931515,0.010024135285920261
5741,-0.25004998,0.7148558,10.229317,0.67926216,-0.23105298,0.04871507,-0.09300779307440699
5752,-0.1896312,1.160519,9.580862,0.54090524,-0.30099499999999996,0.06963659,-0.08221816635612787
5761,0.22073789,1.4291133,9.155538,0.308936,-0.24250636,0.04963134,0.16695844315079805
5771,0.651446,0.7531409,8.88455,0.15927842,-0.08750387,-0.011453386000000001,0.47961319776243516
5781,0.083748795,0.5706882,9.743574,0.086129464,-0.030847786000000002,-0.006261184300000001,0.0558537809302481
5792,-0.0071784677,0.45702913,9.844669999999999,0.06627693,-0.039246935,-0.012369657,-1.5325258743182594e-05
5801,0.030508487999999997,0.48095736,9.902099,0.07482879,-0.0787993,-0.013133216000000001,0.022549221271639115
5811,0.05922236,0.51864433,9.787243,0.07605048,-0.089489125,-0.015576605,0.04016550919560717
5822,0.08853444,0.52223355,9.710074,0.06123744,-0.0762032,-0.0132859275,0.05754423835161843
5831,0.10229317,0.5132605,9.772886,0.052532863,-0.06902574,-0.019547112,0.06454093341416
5841,0.039481573,0.5300102,10.011569999999999,0.06230642,-0.12781979,-0.025044737,0.026472493234010828
5851,0.054436713,0.51445687,9.902099,0.063375406,-0.17088452,-0.028251685,0.03575870019042486
5862,0.11246266,0.526421,9.624531,0.05467083,-0.15164283,-0.02107423,0.07283490014915085
5871,0.12622139,0.53180486,9.738789,0.047493376,-0.098957255,-0.013133216000000001,0.07904780338291481
5882,0.09690931400000001,0.4755735,9.845269,0.06230642,-0.08108997,-0.0070247436,0.0611171313082102
5891,0.12143575,0.53240305,9.762716000000001,0.06123744,-0.06673507,-0.0071774554,0.07668284104641268
5901,0.16450655,0.56530434,9.71486,0.05619795,-0.053449135,-0.0061084726,0.10311001953582763
5911,0.13100705,0.5706882,9.762716000000001,0.046424393,-0.039094225,-0.01007898,0.08144183493760929
5922,0.20219351,0.5557331,9.753743,0.05131117,-0.039094225,-0.0038177953000000002,0.12464429938601651
5931,0.14536397,0.5946164,9.762716000000001,0.04886778,-0.029473381,-0.003970507,0.0901732248917144
5941,0.17826529,0.57487565,9.753145,0.043981,-0.022295926,0.0007635591000000001,0.10980227142751224
5951,0.14536397,0.5802595,9.762716000000001,0.043981,-0.015118469499999999,-0.00167983,0.08987747636569128
5962,0.15433706,0.58504516,9.787243,0.0413849,-0.02107423,-0.00167983,0.09462084538476477
5971,0.17826529,0.5946164,9.767502,0.043981,-0.015118469499999999,-0.004123219,0.1094633062984246
5981,0.14057833,0.613759,9.753145,0.041537613,-0.011606098,-0.004275931,0.08698461630535491
5991,0.15014961,0.6041877,9.767502,0.034054733999999996,-0.011453386000000001,-0.005497625,0.09199788962589431
6002,0.19262223,0.60358953,9.738789,0.031611346,0.00167983,-0.0007635591000000001,0.1179311380988328
6011,0.13579269,0.6233303000000001,9.729217,0.024128467,0.008857285999999999,-0.0007635591000000001,0.08339459783847149
6022,0.15014961,0.61854464,9.757931,0.018019995,0.006566608000000001,0.00045813544,0.09113618991395002
6031,0.15014961,0.6089734,9.772886,0.014202198999999999,0.0077883024,0.00030542362999999996,0.0906300319498947
6041,0.15972091,0.61854464,9.767502,0.012980503999999999,0.009009996999999999,0.0015271180999999999,0.09636495445987693
6051,0.15014961,0.6089734,9.787243,0.01175881,0.009009996999999999,0.0015271180999999999,0.09021244939364291
6062,0.15433706,0.6089734,9.787243,0.01175881,0.009009996999999999,0.0015271180999999999,0.09270745958505369
6071,0.13579269,0.64247286,9.781858999999999,0.005497625,0.0018325417999999999,0.00045813544,0.0813129685476694
6081,0.14536397,0.6089734,9.757931,0.005497625,0.0018325417999999999,0.00045813544,0.08748153132433414
6092,0.15014961,0.6233303000000001,9.796216000000001,0.004275931,-0.0006108472599999999,0.00045813544,0.08955649189356545
6101,0.14536397,0.61854464,9.777073,-0.0007635591000000001,-0.004123219,0.00045813544,0.08673277861678652
6111,0.17347965,0.6329016,9.772287,-0.003206948,-0.004123219,0.00045813544,0.10344372141541339
6122,0.15014961,0.613759,9.777073,-0.006872031999999999,-0.005344913299999999,-0.0007635591000000001,0.08920640235523414
6131,0.15493527,0.6233303000000001,9.781858999999999,-0.0007635591000000001,-0.00167983,-0.0007635591000000001,0.09235093112677004
6141,0.15493527,0.6233303000000001,9.772287,-0.0019852535,0.0018325417999999999,-0.0021379655,0.09245352169509662
6151,0.17347965,0.62811595,9.786645,-0.0007635591000000001,0.0018325417999999999,-0.0009162708999999999,0.103303122749966
6162,0.15493527,0.613759,9.772287,-0.0019852535,0.0018325417999999999,-0.0009162708999999999,0.09246495536861436
6171,0.15014961,0.61854464,9.786645,-0.0056503373,0.0006108472599999999,-0.0009162708999999999,0.08910410801227826
6181,0.16869399,0.6041877,9.777672,-0.0056503373,0.0006108472599999999,-0.0009162708999999999,0.10035565714528534
6192,0.19740787,0.613759,9.777672,-0.003206948,0.004275931,-0.0009162708999999999,0.1176398957698438
6201,0.16450655,0.6089734,9.762716000000001,-0.0044286429999999995,0.006566608000000001,-0.0009162708999999999,0.09822743563871385
6212,0.15972091,0.6041877,9.767502,-0.0056503373,0.011453386000000001,-0.0009162708999999999,0.09519639066751312
6222,0.1591227,0.62811595,9.79143,-0.0044286429999999995,0.004275931,-0.0009162708999999999,0.09442430552728859
6231,0.16390835,0.6089734,9.792028,-0.0007635591000000001,0.006566608000000001,0.00030542362999999996,0.09751806928634286
6241,0.16390835,0.613759,9.782457,-0.003206948,0.010231691,0.00030542362999999996,0.09754683530865524
6252,0.14536397,0.6233303000000001,9.73819,-0.003206948,0.010231691,0.0015271180999999999,0.08726336805463376
6261,0.15014961,0.613759,9.766903999999998,-0.0056503373,0.014965758000000001,0.0025961008,0.089470209018748
6272,0.14476576,0.58504516,9.8015995,-0.006872031999999999,0.009009996999999999,0.0015271180999999999,0.08559247336227518
6281,0.13579269,0.6041877,9.781858999999999,-0.006872031999999999,0.0077883024,0.00030542362999999996,0.08056572339754658
6291,0.14057833,0.5946164,9.792028,-0.0044286429999999995,0.005497625,0.0027488125,0.08341256160332981
6302,0.14057833,0.62811595,9.757333000000001,-0.006872031999999999,0.005497625,-0.00335966,0.08381494710044991
6311,0.14057833,0.62811595,9.733404,-0.010689826999999999,0.009009996999999999,0.00030542362999999996,0.08398494653523517
6322,0.14057833,0.5988039000000001,9.729217,-0.016798299,0.017409148,0.00015271181,0.08370072751598863
6331,0.15972091,0.60837513,9.743574,-0.020463383,0.02351762,0.0,0.09471635076240094
6341,0.12562318,0.58564335,9.839286999999999,-0.016798299,0.010231691,0.00015271181,0.0730153751607618
6352,0.12622139,0.5952145999999999,9.810573,-0.013133216000000001,-0.00045813544,0.00030542362999999996,0.07402755026578868
6361,0.13579269,0.5946164,9.796814,-0.010689826999999999,-0.0076355906000000005,-0.0019852535,0.08008611397771499
6371,0.12622139,0.5946164,9.762716000000001,-0.008246438,-0.004123219,0.00045813544,0.0750722536267459
6381,0.15014961,0.6089734,9.753145,-0.006872031999999999,0.0077883024,-0.0009162708999999999,0.08965058183620171
6392,0.15493527,0.6041877,9.753145,-0.0056503373,0.004275931,0.00030542362999999996,0.09260534630733133
6401,0.15433706,0.59940207,9.796814,-0.006872031999999999,0.005497625,0.00030542362999999996,0.09135350285057206
6411,0.14057833,0.58504516,9.8015995,-0.0056503373,0.004275931,0.00030542362999999996,0.08318178805970874
6421,0.14057833,0.58983076,9.806385,0.00045813544,-0.004123219,0.00045813544,0.0834845763265523
6432,0.15014961,0.5946164,9.777672,-0.0007635591000000001,-0.004123219,0.00045813544,0.08960594680540854
6441,0.14536397,0.59940207,9.772886,0.00045813544,-0.006566608000000001,-0.0007635591000000001,0.08690575538183047
6451,0.15433706,0.58504516,9.777672,0.00167983,-0.006566608000000001,0.00045813544,0.09227267095208283
6462,0.14057833,0.6041877,9.786645,-0.0019852535,-0.012522368999999998,0.00045813544,0.08364986958658113
6471,0.15433706,0.5946164,9.796814,-0.0007635591000000001,-0.009009996999999999,-0.0007635591000000001,0.09174782516973486
6481,0.14955142,0.59940207,9.792028,0.004275931,-0.0077883024,-0.0007635591000000001,0.08930362236943201
6492,0.15014961,0.6041877,9.767502,0.0030542363,-0.0077883024,0.00045813544,0.09002433664698872
6502,0.14057833,0.6089734,9.782457,-0.0007635591000000001,-0.006566608000000001,-0.0007635591000000001,0.08379405180663717
6511,0.16869399,0.57547385,9.762716000000001,0.00045813544,-0.006566608000000001,-0.0007635591000000001,0.10108795239208218
6521,0.13100705,0.5952145999999999,9.8015995,0.0029015245,-0.012522368999999998,0.00167983,0.07802860731191111
6532,0.15433706,0.58983076,9.782457,0.00671932,-0.016187451999999998,-0.0006108472599999999,0.09249828409732663
6541,0.14955142,0.5946164,9.762716000000001,0.009162709,-0.018478129,-0.0018325417999999999,0.09015348861069822
6551,0.15972091,0.5940181999999999,9.729217,0.005497625,-0.005344913299999999,0.00045813544,0.09666906382507487
6562,0.16390835,0.613759,9.743574,0.0030542363,-0.0006108472599999999,0.00167983,0.09872407642145006
6571,0.14476576,0.5946164,9.787243,0.004275931,0.0030542363,0.00030542362999999996,0.08654371508596323
6581,0.15433706,0.6041877,9.762716000000001,0.004275931,0.0077883024,0.00030542362999999996,0.0926975384048928
6592,0.17347965,0.60358953,9.738789,-0.0044286429999999995,0.004275931,0.0015271180999999999,0.10411691862533339
6601,0.10229317,0.613759,9.777073,-0.023212196,-0.020768806,0.00167983,0.059594429914374906
6611,0.116650105,0.62871414,9.810573,-0.03451287,-0.052990999999999996,0.0044286429999999995,0.0669602718571895
6621,0.14596218,0.6987042,9.604192,-0.061848287,-0.07925743,0.0021379655,0.08625055907485947
6631,0.18245272,0.51864433,9.88834,-0.06322269,-0.0839915,0.010842538,0.10259362214516063
6642,0.21655045,0.5413760999999999,9.725029,-0.038177952,-0.04459185,0.0006108472599999999,0.1283537453222951
6652,0.1591227,0.5946164,9.777672,-0.031764057000000005,0.00671932,-0.0022906773,0.09299022971516309
6661,0.31046873,0.43669012,9.898508999999999,0.02443389,0.06398625,-0.0013744063,0.18275419590307035
6672,0.05503492,0.6771688,9.829117,-0.010689826999999999,-0.013591352,-0.0007635591000000001,0.03180390973849653
6681,0.2638087,0.5599205,9.705886999999999,-0.010537115,0.027029991,-0.0012216945,0.1592471416384015
6691,0.17347965,0.5844469,9.738789,-0.019241689,0.015118469499999999,0.0013744063,0.10319883418682195
6701,0.15134603,0.48454657,9.218947,-0.03283304,0.06902574,0.012980503999999999,0.09965932773824739
6712,-0.24047868,0.48394838,10.111469999999999,-0.02535016,0.056961507,0.0009162708999999999,-0.13606858082459827
6721,0.23030917,0.52163535,9.663414,0.010384403,-0.0030542363,0.0029015245,0.14156017567274448
6731,0.16869399,0.58983076,9.739386999999999,-0.0044286429999999995,0.011453386000000001,0.0027488125,0.10124203620355304
6742,0.16331014,0.55692947,9.840483,-0.0007635591000000001,-0.00167983,0.00045813544,0.0962707723208728
6752,0.16869399,0.58504516,9.744172,-0.003206948,0.0006108472599999999,0.00030542362999999996,0.10122647541676134
6761,0.16390835,0.5706882,9.806984,0.0006108472599999999,0.0018325417999999999,-0.0021379655,0.09735487390005974
6772,0.1591227,0.56590253,9.773484,-0.0007635591000000001,0.0006108472599999999,0.00030542362999999996,0.09507798944117424
6781,0.13998012,0.590429,9.796814,-0.0007635591000000001,0.0030542363,-0.0009162708999999999,0.08321292107989309
6792,0.13519448,0.58564335,9.811171,-0.0007635591000000001,0.0006108472599999999,-0.0009162708999999999,0.08013672486847127
6801,0.13519448,0.5706882,9.782457,-0.0007635591000000001,0.0018325417999999999,0.003970507,0.08062098583102265
6811,0.14955142,0.5952145999999999,9.8015995,-0.003206948,0.011453386000000001,0.0051922016,0.08865870737794773
6821,0.16869399,0.5563313,9.802197999999999,-0.008093725999999999,0.011453386000000001,0.0013744063,0.09975638456579336
6832,0.14955142,0.55692947,9.821341,-0.0056503373,0.01267508,0.0013744063,0.08818792634205767
6841,0.1591227,0.56111693,9.802197999999999,-0.003206948,0.009009996999999999,0.0015271180999999999,0.09437307884629872
6851,0.15433706,0.57547385,9.796814,-0.0007635591000000001,0.0030542363,0.0027488125,0.0917691742192573
6861,0.15433706,0.57009,9.710672,-0.0019852535,0.006566608000000001,0.0027488125,0.0933279911124922
6872,0.13998012,0.5563313,9.802197999999999,-0.008093725999999999,0.016187451999999998,0.0038177953000000002,0.08268889699012964
6881,0.13519448,0.55692947,9.825528,-0.0056503373,0.010231691,0.003970507,0.07961937392826415
6891,0.14955142,0.5706882,9.792626,-0.0019852535,0.0077883024,0.003970507,0.08892527377729277
6902,0.15493527,0.5940181999999999,9.734002,-0.0056503373,0.014965758000000001,0.0025961008,0.09298191064403485
6911,0.14476576,0.5563313,9.787243,-0.008093725999999999,0.018630841999999998,0.0038177953000000002,0.08579579590198369
6921,0.12143575,0.58564335,9.820742999999998,-0.003206948,0.011453386000000001,0.0015271180999999999,0.07168089334438202
6932,0.14476576,0.5706882,9.787243,-0.0044286429999999995,0.010231691,0.0015271180999999999,0.08601459241799489
6941,0.13100705,0.56590253,9.811171,-0.003206948,0.0077883024,0.0027488125,0.07751585526162161
6951,0.13100705,0.5706882,9.8015995,-0.0007635591000000001,-0.0006108472599999999,0.00045813544,0.07781837257273568
6962,0.14536397,0.57547385,9.767502,-0.0007635591000000001,0.0006108472599999999,0.0029015245,0.08694896151080851
6971,0.13579269,0.56111693,9.782457,-0.0019852535,0.0018325417999999999,0.0015271180999999999,0.08090929966613823
6982,0.14476576,0.56111693,9.796814,0.00045813544,-0.0018325417999999999,-0.0007635591000000001,0.08616742150931038
6991,0.1591227,0.5802595,9.8015995,0.00167983,-0.005344913299999999,0.00167983,0.09467425691432438
7001,0.14955142,0.56111693,9.772886,0.0030542363,-0.005344913299999999,-0.0007635591000000001,0.08961509064385312
7012,0.1591227,0.5706882,9.772886,0.00045813544,-0.004123219,-0.0007635591000000001,0.09516196810711149
7022,0.1591227,0.5605187,9.74836,-0.0019852535,0.0030542363,0.0015271180999999999,0.09549560847675413
7032,0.15493527,0.57009,9.74836,-0.003206948,0.006566608000000001,0.00030542362999999996,0.09289090887002631
7041,0.1591227,0.5802595,9.762716000000001,-0.0056503373,0.009009996999999999,0.0015271180999999999,0.09495974181889197
7052,0.13579269,0.5515456,9.772886,-0.009315420999999999,0.016187451999999998,0.00015271181,0.08060995046797093
7061,0.13519448,0.54675996,9.811171,-0.0056503373,0.01267508,0.0027488125,0.07986218838478466
7071,0.13040884,0.5665008,9.820742999999998,-0.0019852535,0.005497625,0.0015271180999999999,0.07708796346682015
7082,0.13519448,0.56111693,9.811171,-0.0019852535,-0.0006108472599999999,0.00167983,0.08008230231227659
7091,0.10229317,0.56111693,9.796814,0.00167983,-0.006566608000000001,0.00045813544,0.06097325773929523
7101,0.111864455,0.5515456,9.782457,0.0018325417999999999,0.0006108472599999999,0.00045813544,0.0668803474324358
7111,0.13100705,0.5515456,9.811171,0.00045813544,-0.004123219,0.00045813544,0.07776209418937734
7122,0.14057833,0.56590253,9.772886,0.0018325417999999999,-0.0018325417999999999,-0.0007635591000000001,0.0841673503270474
7132,0.14536397,0.56590253,9.782457,-0.0019852535,0.0006108472599999999,0.00030542362999999996,0.08661617825488753
7141,0.16869399,0.5282156,9.868599,0.0018325417999999999,-0.0006108472599999999,-0.0007635591000000001,0.09907864175499254
7152,0.12622139,0.57547385,9.777073,0.029015245,-0.009009996999999999,0.0006108472599999999,0.0772409683882907
7161,0.16450655,0.57487565,9.738789,0.005497625,0.0030542363,-0.0009162708999999999,0.09938410390069387
7172,0.14476576,0.5665008,9.848858,0.010537115,0.004123219,-0.0007635591000000001,0.08589874141009525
7181,0.1692922,0.5940181999999999,9.729217,0.007941014,0.005344913299999999,0.0015271180999999999,0.10259653217178939
7191,0.14536397,0.5940181999999999,9.73819,0.0018325417999999999,0.004275931,0.00030542362999999996,0.08761698172715282
7201,0.15972091,0.56470615,9.676575,-0.011911521999999999,0.013896775,0.00503949,0.09664284421758408
7212,0.10707881,0.5521438,9.820144,-0.015576605,0.013896775,0.0038177953000000002,0.06242737859466345
7221,0.15493527,0.5605187,9.757931,-0.014354911000000001,0.007941014,0.003970507,0.09200981977013446
7231,0.116650105,0.5521438,9.82493,-0.014354911000000001,0.0030542363,0.0015271180999999999,0.06810680958158594
7241,0.14536397,0.57009,9.757931,-0.015576605,0.00671932,0.0027488125,0.08618171423383922
7253,0.14536397,0.56530434,9.734002,-0.018019995,0.013896775,0.0013744063,0.08645882391117415
7262,0.12143575,0.5515456,9.792028,-0.015576605,0.025808297,0.0012216945,0.07134328146213942
7271,0.111864455,0.5563313,9.772886,-0.015576605,0.024586603,0.0012216945,0.06589876277902398
7281,0.111864455,0.5563313,9.772886,-0.015576605,0.024586603,0.0012216945,0.06589876277902398
7292,0.111864455,0.5563313,9.772886,-0.015576605,0.024586603,0.0012216945,0.06589876277902398
7301,0.111864455,0.5563313,9.772886,-0.015576605,0.024586603,0.0012216945,0.06589876277902398
7311,0.111864455,0.5563313,9.772886,-0.015576605,0.024586603,0.0012216945,0.06589876277902398
